Shipment_ID,Origin,Origin_Lat,Origin_Lon,Destination,Dest_Lat,Dest_Lon,Weight_KG,Volume_M3,Base_Rate_EUR,Distance_KM,Total_Freight_Cost,Ton_KM,Cost_Per_Ton_KM
SHP-0001,Hamburg,53.5511,9.9937,Berlin,52.52,13.405,7384,33.05,189.0,255.25,968.24,1884.766,0.514
SHP-0002,Cologne,50.9375,6.9603,Berlin,52.52,13.405,2142,7.2,164.1,477.26,945.18,1022.2909199999999,0.925
SHP-0003,Cologne,50.9375,6.9603,Munich,48.1371,11.5761,3998,14.34,257.99,455.8,1125.43,1822.2884000000001,0.618
SHP-0004,Kiel,54.3233,10.1228,Berlin,52.52,13.405,1036,2.99,208.19,295.76,688.69,306.40736,2.248
SHP-0005,Hamburg,53.5511,9.9937,Berlin,52.52,13.405,7312,35.33,301.89,255.25,1090.64,1866.3880000000001,0.584
SHP-0006,Kiel,54.3233,10.1228,Frankfurt,50.1109,8.6821,11335,39.84,246.35,478.54,1553.83,5424.250900000001,0.286
SHP-0007,Hamburg,53.5511,9.9937,Frankfurt,50.1109,8.6821,1903,6.94,158.6,392.99,812.38,747.85997,1.086
SHP-0008,Cologne,50.9375,6.9603,Munich,48.1371,11.5761,9186,34.83,201.99,455.8,1353.24,4186.9788,0.323
SHP-0009,Hamburg,53.5511,9.9937,Kiel,54.3233,10.1228,5672,21.88,381.66,86.28,861.05,489.38016,1.759
SHP-0010,Cologne,50.9375,6.9603,Munich,48.1371,11.5761,10212,32.72,284.92,455.8,1503.58,4654.6296,0.323
SHP-0011,Kiel,54.3233,10.1228,Munich,48.1371,11.5761,3907,17.38,153.91,695.24,1325.57,2716.3026800000002,0.488
SHP-0012,Berlin,52.52,13.405,Cologne,50.9375,6.9603,2786,9.08,347.54,477.26,1186.7,1329.64636,0.892
SHP-0013,Hamburg,53.5511,9.9937,Frankfurt,50.1109,8.6821,1832,5.56,305.82,392.99,973.29,719.9576800000001,1.352
SHP-0014,Kiel,54.3233,10.1228,Cologne,50.9375,6.9603,8191,27.31,297.82,432.67,1373.76,3543.9999700000003,0.388
SHP-0015,Berlin,52.52,13.405,Frankfurt,50.1109,8.6821,1875,6.11,340.2,423.53,1055.25,794.11875,1.329
SHP-0016,Kiel,54.3233,10.1228,Frankfurt,50.1109,8.6821,1775,6.68,200.43,478.54,967.04,849.4085,1.138
SHP-0017,Munich,48.1371,11.5761,Cologne,50.9375,6.9603,3366,12.87,338.89,455.8,1180.65,1534.2228,0.77
SHP-0018,Berlin,52.52,13.405,Hamburg,53.5511,9.9937,8490,25.57,306.09,255.25,1161.32,2167.0725,0.536
SHP-0019,Frankfurt,50.1109,8.6821,Munich,48.1371,11.5761,9742,42.73,373.14,304.12,1372.21,2962.7370400000004,0.463
SHP-0020,Cologne,50.9375,6.9603,Frankfurt,50.1109,8.6821,10928,45.38,311.92,152.52,1166.31,1666.7385600000002,0.7
SHP-0021,Berlin,52.52,13.405,Munich,48.1371,11.5761,579,2.09,254.35,504.31,995.09,291.99548999999996,3.408
SHP-0022,Kiel,54.3233,10.1228,Frankfurt,50.1109,8.6821,3307,14.68,204.69,478.54,1057.6,1582.53178,0.668
SHP-0023,Munich,48.1371,11.5761,Cologne,50.9375,6.9603,3420,14.43,324.08,455.8,1167.08,1558.836,0.749
SHP-0024,Kiel,54.3233,10.1228,Berlin,52.52,13.405,924,3.17,275.67,295.76,758.0,273.28224,2.774
SHP-0025,Berlin,52.52,13.405,Munich,48.1371,11.5761,3254,14.68,272.36,504.31,1165.06,1641.02474,0.71
SHP-0026,Hamburg,53.5511,9.9937,Berlin,52.52,13.405,3232,10.45,241.95,255.25,795.03,824.9680000000001,0.964
SHP-0027,Munich,48.1371,11.5761,Hamburg,53.5511,9.9937,9888,30.92,187.68,612.13,1586.63,6052.74144,0.262
SHP-0028,Hamburg,53.5511,9.9937,Berlin,52.52,13.405,690,2.49,206.62,255.25,613.11,176.12249999999997,3.481
SHP-0029,Kiel,54.3233,10.1228,Berlin,52.52,13.405,10133,33.62,333.8,295.76,1338.81,2996.9360799999995,0.447
SHP-0030,Hamburg,53.5511,9.9937,Cologne,50.9375,6.9603,2511,7.23,279.16,356.46,932.36,895.07106,1.042
SHP-0031,Frankfurt,50.1109,8.6821,Munich,48.1371,11.5761,6920,20.82,197.18,304.12,1017.1,2104.5104,0.483
SHP-0032,Kiel,54.3233,10.1228,Berlin,52.52,13.405,10701,33.76,310.51,295.76,1344.53,3164.92776,0.425
SHP-0033,Cologne,50.9375,6.9603,Kiel,54.3233,10.1228,7473,37.11,175.37,432.67,1196.41,3233.34291,0.37
SHP-0034,Frankfurt,50.1109,8.6821,Kiel,54.3233,10.1228,4011,14.7,262.11,478.54,1161.34,1919.4239400000001,0.605
SHP-0035,Munich,48.1371,11.5761,Berlin,52.52,13.405,3228,12.97,336.62,504.31,1235.58,1627.9126800000001,0.759
SHP-0036,Kiel,54.3233,10.1228,Berlin,52.52,13.405,1577,6.18,216.3,295.76,728.07,466.41351999999995,1.561
SHP-0037,Hamburg,53.5511,9.9937,Frankfurt,50.1109,8.6821,7758,24.3,275.66,392.99,1271.37,3048.81642,0.417
SHP-0038,Munich,48.1371,11.5761,Berlin,52.52,13.405,3728,18.31,311.37,504.31,1235.3,1880.06768,0.657
SHP-0039,Munich,48.1371,11.5761,Kiel,54.3233,10.1228,3714,11.17,336.93,695.24,1519.75,2582.12136,0.589
SHP-0040,Munich,48.1371,11.5761,Frankfurt,50.1109,8.6821,7081,20.4,168.84,304.12,994.37,2153.47372,0.462
SHP-0041,Berlin,52.52,13.405,Hamburg,53.5511,9.9937,4144,18.38,289.2,255.25,899.02,1057.756,0.85
SHP-0042,Hamburg,53.5511,9.9937,Frankfurt,50.1109,8.6821,2902,9.65,239.66,392.99,959.11,1140.4569800000002,0.841
SHP-0043,Kiel,54.3233,10.1228,Hamburg,53.5511,9.9937,10259,46.53,327.23,86.28,1056.96,885.14652,1.194
SHP-0044,Frankfurt,50.1109,8.6821,Hamburg,53.5511,9.9937,3446,11.81,170.4,392.99,912.0,1354.2435400000002,0.673
SHP-0045,Munich,48.1371,11.5761,Berlin,52.52,13.405,8572,26.84,372.5,504.31,1575.02,4322.94532,0.364
SHP-0046,Kiel,54.3233,10.1228,Hamburg,53.5511,9.9937,913,3.38,285.66,86.28,487.03,78.77364,6.183
SHP-0047,Munich,48.1371,11.5761,Hamburg,53.5511,9.9937,929,2.87,240.05,612.13,1143.58,568.66877,2.011
SHP-0048,Munich,48.1371,11.5761,Berlin,52.52,13.405,2981,10.16,171.34,504.31,1036.63,1503.34811,0.69
SHP-0049,Kiel,54.3233,10.1228,Hamburg,53.5511,9.9937,7830,25.35,393.96,86.28,995.68,675.5724,1.474
SHP-0050,Kiel,54.3233,10.1228,Hamburg,53.5511,9.9937,5086,19.19,336.01,86.28,777.11,438.82008,1.771
SHP-0051,Munich,48.1371,11.5761,Frankfurt,50.1109,8.6821,10113,33.22,252.24,304.12,1257.57,3075.56556,0.409
SHP-0052,Frankfurt,50.1109,8.6821,Cologne,50.9375,6.9603,3257,15.21,195.72,152.52,606.59,496.75764000000004,1.221
SHP-0053,Berlin,52.52,13.405,Munich,48.1371,11.5761,8056,30.36,332.51,504.31,1501.34,4062.7213599999995,0.37
SHP-0054,Cologne,50.9375,6.9603,Hamburg,53.5511,9.9937,1881,7.49,172.95,356.46,778.12,670.50126,1.161
SHP-0055,Cologne,50.9375,6.9603,Munich,48.1371,11.5761,6153,22.7,193.3,455.8,1173.66,2804.5373999999997,0.418
SHP-0056,Hamburg,53.5511,9.9937,Frankfurt,50.1109,8.6821,11415,34.28,215.22,392.99,1408.46,4485.98085,0.314
SHP-0057,Hamburg,53.5511,9.9937,Frankfurt,50.1109,8.6821,10349,34.63,190.73,392.99,1321.34,4067.05351,0.325
SHP-0058,Cologne,50.9375,6.9603,Kiel,54.3233,10.1228,7117,27.56,310.82,432.67,1328.18,3079.31239,0.431
SHP-0059,Berlin,52.52,13.405,Kiel,54.3233,10.1228,7698,23.83,312.87,295.76,1179.0,2276.76048,0.518
SHP-0060,Kiel,54.3233,10.1228,Berlin,52.52,13.405,1658,8.18,173.61,295.76,684.79,490.37008,1.396
SHP-0061,Kiel,54.3233,10.1228,Frankfurt,50.1109,8.6821,8338,33.21,215.17,478.54,1351.08,3990.06652,0.339
SHP-0062,Munich,48.1371,11.5761,Kiel,54.3233,10.1228,11271,54.75,254.49,695.24,1850.61,7836.050040000001,0.236
SHP-0063,Munich,48.1371,11.5761,Kiel,54.3233,10.1228,9132,28.45,397.63,695.24,1891.14,6348.93168,0.298
SHP-0064,Kiel,54.3233,10.1228,Cologne,50.9375,6.9603,4419,13.01,364.6,432.67,1237.32,1911.9687299999998,0.647
SHP-0065,Berlin,52.52,13.405,Frankfurt,50.1109,8.6821,1685,5.02,276.31,423.53,973.05,713.64805,1.363
SHP-0066,Berlin,52.52,13.405,Kiel,54.3233,10.1228,1115,3.24,361.79,295.76,865.15,329.7724,2.623
SHP-0067,Kiel,54.3233,10.1228,Cologne,50.9375,6.9603,6048,22.08,170.82,432.67,1111.51,2616.78816,0.425
SHP-0068,Kiel,54.3233,10.1228,Berlin,52.52,13.405,8233,26.32,347.89,295.76,1248.19,2434.99208,0.513
SHP-0069,Frankfurt,50.1109,8.6821,Munich,48.1371,11.5761,1161,4.11,260.38,304.12,765.38,353.08332,2.168
SHP-0070,Frankfurt,50.1109,8.6821,Hamburg,53.5511,9.9937,2144,6.82,304.55,392.99,989.34,842.5705600000001,1.174
SHP-0071,Munich,48.1371,11.5761,Hamburg,53.5511,9.9937,9951,32.53,170.34,612.13,1570.74,6091.30563,0.258
SHP-0072,Berlin,52.52,13.405,Kiel,54.3233,10.1228,10624,45.11,376.92,295.76,1414.6,3142.15424,0.45
SHP-0073,Hamburg,53.5511,9.9937,Munich,48.1371,11.5761,1460,4.61,289.6,612.13,1228.81,893.7098,1.375
SHP-0074,Frankfurt,50.1109,8.6821,Hamburg,53.5511,9.9937,5496,23.09,251.3,392.99,1117.41,2159.8730400000004,0.517
SHP-0075,Cologne,50.9375,6.9603,Munich,48.1371,11.5761,7965,25.54,295.84,455.8,1389.98,3630.447,0.383
SHP-0076,Berlin,52.52,13.405,Frankfurt,50.1109,8.6821,10488,44.91,390.81,423.53,1594.26,4441.982639999999,0.359
SHP-0077,Berlin,52.52,13.405,Munich,48.1371,11.5761,4210,20.39,381.16,504.31,1340.45,2123.1451,0.631
SHP-0078,Berlin,52.52,13.405,Hamburg,53.5511,9.9937,11646,41.82,307.35,255.25,1339.46,2972.6415,0.451
SHP-0079,Frankfurt,50.1109,8.6821,Munich,48.1371,11.5761,4918,15.84,378.81,304.12,1108.41,1495.66216,0.741
SHP-0080,Munich,48.1371,11.5761,Kiel,54.3233,10.1228,2451,8.25,247.07,695.24,1348.38,1704.03324,0.791
SHP-0081,Cologne,50.9375,6.9603,Munich,48.1371,11.5761,3489,13.02,158.08,455.8,985.03,1590.2862,0.619
SHP-0082,Munich,48.1371,11.5761,Berlin,52.52,13.405,3616,16.44,169.05,504.31,1069.62,1823.5849600000001,0.587
SHP-0083,Cologne,50.9375,6.9603,Frankfurt,50.1109,8.6821,11070,52.12,369.17,152.52,1238.38,1688.3964,0.733
SHP-0084,Frankfurt,50.1109,8.6821,Berlin,52.52,13.405,4829,15.02,396.82,423.53,1284.09,2045.2263699999999,0.628
SHP-0085,Cologne,50.9375,6.9603,Frankfurt,50.1109,8.6821,5019,15.47,292.27,152.52,813.39,765.4978800000001,1.063
SHP-0086,Cologne,50.9375,6.9603,Frankfurt,50.1109,8.6821,3644,17.48,366.18,152.52,819.17,555.7828800000001,1.474
SHP-0087,Frankfurt,50.1109,8.6821,Berlin,52.52,13.405,11001,38.23,331.53,423.53,1556.59,4659.253529999999,0.334
SHP-0088,Cologne,50.9375,6.9603,Frankfurt,50.1109,8.6821,5681,25.9,388.51,152.52,958.25,866.46612,1.106
SHP-0089,Kiel,54.3233,10.1228,Munich,48.1371,11.5761,9205,44.46,217.17,695.24,1693.11,6399.6842,0.265
SHP-0090,Hamburg,53.5511,9.9937,Munich,48.1371,11.5761,10060,40.87,354.1,612.13,1782.65,6158.0278,0.289
SHP-0091,Munich,48.1371,11.5761,Hamburg,53.5511,9.9937,5140,23.35,157.2,612.13,1286.61,3146.3482,0.409
SHP-0092,Munich,48.1371,11.5761,Hamburg,53.5511,9.9937,2949,13.38,153.64,612.13,1159.92,1805.1713699999998,0.643
SHP-0093,Hamburg,53.5511,9.9937,Munich,48.1371,11.5761,6880,32.2,331.6,612.13,1579.37,4211.4544,0.375
SHP-0094,Cologne,50.9375,6.9603,Berlin,52.52,13.405,3926,14.09,324.41,477.26,1224.63,1873.72276,0.654
SHP-0095,Munich,48.1371,11.5761,Kiel,54.3233,10.1228,9342,44.5,161.47,695.24,1638.4,6494.9320800000005,0.252
SHP-0096,Munich,48.1371,11.5761,Frankfurt,50.1109,8.6821,7784,32.98,168.97,304.12,1033.89,2367.27008,0.437
SHP-0097,Frankfurt,50.1109,8.6821,Cologne,50.9375,6.9603,10554,38.06,393.28,152.52,1236.48,1609.6960800000002,0.768
SHP-0098,Kiel,54.3233,10.1228,Hamburg,53.5511,9.9937,2442,10.1,194.25,86.28,470.27,210.69576,2.232
SHP-0099,Munich,48.1371,11.5761,Berlin,52.52,13.405,2872,11.28,275.85,504.31,1147.58,1448.37832,0.792
SHP-0100,Kiel,54.3233,10.1228,Frankfurt,50.1109,8.6821,6033,19.9,277.91,478.54,1292.26,2887.03182,0.448
SHP-0101,Frankfurt,50.1109,8.6821,Kiel,54.3233,10.1228,9771,31.29,196.13,478.54,1410.0,4675.814340000001,0.302
SHP-0102,Hamburg,53.5511,9.9937,Cologne,50.9375,6.9603,5819,18.64,159.17,356.46,983.22,2074.2407399999997,0.474
SHP-0103,Hamburg,53.5511,9.9937,Berlin,52.52,13.405,9120,44.58,366.8,255.25,1264.59,2327.8799999999997,0.543
SHP-0104,Hamburg,53.5511,9.9937,Berlin,52.52,13.405,3596,14.01,155.02,255.25,718.05,917.879,0.782
SHP-0105,Cologne,50.9375,6.9603,Frankfurt,50.1109,8.6821,6656,28.33,235.73,152.52,841.74,1015.17312,0.829
SHP-0106,Cologne,50.9375,6.9603,Kiel,54.3233,10.1228,6232,29.25,284.28,432.67,1248.89,2696.39944,0.463
SHP-0107,Cologne,50.9375,6.9603,Kiel,54.3233,10.1228,3763,14.79,311.48,432.67,1141.09,1628.13721,0.701
SHP-0108,Kiel,54.3233,10.1228,Hamburg,53.5511,9.9937,4299,12.64,151.88,86.28,526.81,370.91772000000003,1.42
SHP-0109,Hamburg,53.5511,9.9937,Kiel,54.3233,10.1228,3778,16.72,374.19,86.28,746.62,325.96584,2.29
SHP-0110,Frankfurt,50.1109,8.6821,Berlin,52.52,13.405,11968,35.78,294.0,423.53,1568.71,5068.80704,0.309
SHP-0111,Hamburg,53.5511,9.9937,Cologne,50.9375,6.9603,3465,15.36,317.16,356.46,1028.34,1235.1338999999998,0.833
SHP-0112,Kiel,54.3233,10.1228,Cologne,50.9375,6.9603,5981,18.36,201.27,432.67,1141.87,2587.79927,0.441
SHP-0113,Cologne,50.9375,6.9603,Kiel,54.3233,10.1228,3287,15.13,302.66,432.67,1104.56,1422.18629,0.777
SHP-0114,Frankfurt,50.1109,8.6821,Hamburg,53.5511,9.9937,6033,21.56,162.96,392.99,1048.54,2370.9086700000003,0.442
SHP-0115,Frankfurt,50.1109,8.6821,Cologne,50.9375,6.9603,11884,47.85,352.47,152.52,1265.26,1812.5476800000001,0.698
SHP-0116,Berlin,52.52,13.405,Munich,48.1371,11.5761,7349,27.14,252.96,504.31,1372.65,3706.17419,0.37
SHP-0117,Frankfurt,50.1109,8.6821,Munich,48.1371,11.5761,11597,53.04,332.72,304.12,1430.82,3526.87964,0.406
SHP-0118,Cologne,50.9375,6.9603,Kiel,54.3233,10.1228,11154,36.19,162.02,432.67,1387.59,4826.00118,0.288
SHP-0119,Kiel,54.3233,10.1228,Berlin,52.52,13.405,9694,29.94,196.6,295.76,1160.56,2867.09744,0.405
SHP-0120,Hamburg,53.5511,9.9937,Cologne,50.9375,6.9603,4626,13.95,248.11,356.46,1016.02,1648.98396,0.616
SHP-0121,Cologne,50.9375,6.9603,Frankfurt,50.1109,8.6821,9097,33.03,208.05,152.52,947.43,1387.47444,0.683
SHP-0122,Munich,48.1371,11.5761,Frankfurt,50.1109,8.6821,3133,11.13,257.88,304.12,873.01,952.80796,0.916
SHP-0123,Hamburg,53.5511,9.9937,Cologne,50.9375,6.9603,2417,7.28,273.86,356.46,921.16,861.5638199999999,1.069
SHP-0124,Cologne,50.9375,6.9603,Berlin,52.52,13.405,9152,29.9,344.64,477.26,1539.95,4367.883519999999,0.353
SHP-0125,Kiel,54.3233,10.1228,Munich,48.1371,11.5761,6180,19.73,175.73,695.24,1477.3,4296.5832,0.344
SHP-0126,Berlin,52.52,13.405,Kiel,54.3233,10.1228,6708,24.58,252.24,295.76,1055.66,1983.9580799999999,0.532
SHP-0127,Kiel,54.3233,10.1228,Hamburg,53.5511,9.9937,8480,30.13,212.95,86.28,829.34,731.6544,1.134
SHP-0128,Hamburg,53.5511,9.9937,Kiel,54.3233,10.1228,4439,18.96,255.9,86.28,651.15,382.99692,1.7
SHP-0129,Cologne,50.9375,6.9603,Hamburg,53.5511,9.9937,2099,9.76,214.0,356.46,836.31,748.2095400000001,1.118
SHP-0130,Cologne,50.9375,6.9603,Berlin,52.52,13.405,764,2.57,342.81,477.26,1068.17,364.62664,2.929
SHP-0131,Frankfurt,50.1109,8.6821,Cologne,50.9375,6.9603,1698,5.21,377.67,152.52,723.07,258.97896000000003,2.792
SHP-0132,Frankfurt,50.1109,8.6821,Munich,48.1371,11.5761,2642,8.11,233.04,304.12,817.69,803.48504,1.018
SHP-0133,Berlin,52.52,13.405,Hamburg,53.5511,9.9937,4862,15.6,201.39,255.25,840.88,1241.0255,0.678
SHP-0134,Frankfurt,50.1109,8.6821,Munich,48.1371,11.5761,5078,18.1,379.96,304.12,1118.66,1544.3213600000001,0.724
SHP-0135,Frankfurt,50.1109,8.6821,Hamburg,53.5511,9.9937,5700,24.39,263.11,392.99,1142.06,2240.043,0.51
SHP-0136,Frankfurt,50.1109,8.6821,Cologne,50.9375,6.9603,11020,43.32,295.15,152.52,1152.67,1680.7704,0.686
SHP-0137,Munich,48.1371,11.5761,Hamburg,53.5511,9.9937,6424,18.55,264.75,612.13,1478.97,3932.32312,0.376
SHP-0138,Cologne,50.9375,6.9603,Berlin,52.52,13.405,6275,21.69,166.77,477.26,1179.62,2994.8065,0.394
SHP-0139,Hamburg,53.5511,9.9937,Berlin,52.52,13.405,2859,12.51,159.14,255.25,681.4,729.7597499999999,0.934
SHP-0140,Cologne,50.9375,6.9603,Frankfurt,50.1109,8.6821,8711,31.21,283.61,152.52,1010.45,1328.6017200000001,0.761
SHP-0141,Munich,48.1371,11.5761,Kiel,54.3233,10.1228,2285,10.05,365.45,695.24,1471.67,1588.6234000000002,0.926
SHP-0142,Hamburg,53.5511,9.9937,Frankfurt,50.1109,8.6821,6555,20.48,394.73,392.99,1337.36,2576.04945,0.519
SHP-0143,Kiel,54.3233,10.1228,Munich,48.1371,11.5761,3052,13.01,317.97,695.24,1461.44,2121.87248,0.689
SHP-0144,Berlin,52.52,13.405,Frankfurt,50.1109,8.6821,10705,37.76,330.2,423.53,1538.53,4533.88865,0.339
SHP-0145,Cologne,50.9375,6.9603,Berlin,52.52,13.405,2857,11.71,374.08,477.26,1220.4,1363.5318200000002,0.895
SHP-0146,Kiel,54.3233,10.1228,Frankfurt,50.1109,8.6821,1911,5.77,310.73,478.54,1098.19,914.48994,1.201
SHP-0147,Cologne,50.9375,6.9603,Frankfurt,50.1109,8.6821,4430,18.54,244.92,152.52,727.38,675.6636,1.077
SHP-0148,Munich,48.1371,11.5761,Berlin,52.52,13.405,9399,36.94,365.27,504.31,1613.24,4740.00969,0.34
SHP-0149,Hamburg,53.5511,9.9937,Kiel,54.3233,10.1228,2111,6.39,271.86,86.28,538.66,182.13708000000003,2.957
SHP-0150,Frankfurt,50.1109,8.6821,Cologne,50.9375,6.9603,3589,12.76,308.37,152.52,751.35,547.39428,1.373
SHP-0151,Kiel,54.3233,10.1228,Cologne,50.9375,6.9603,10856,35.75,320.8,432.67,1548.74,4697.06552,0.33
SHP-0152,Munich,48.1371,11.5761,Cologne,50.9375,6.9603,7129,29.57,288.54,455.8,1334.98,3249.3982,0.411
SHP-0153,Cologne,50.9375,6.9603,Kiel,54.3233,10.1228,626,2.84,375.0,432.67,1036.56,270.85142,3.827
SHP-0154,Hamburg,53.5511,9.9937,Cologne,50.9375,6.9603,7780,28.38,293.32,356.46,1243.28,2773.2588,0.448
SHP-0155,Frankfurt,50.1109,8.6821,Munich,48.1371,11.5761,5353,21.15,389.66,304.12,1144.92,1627.95436,0.703
SHP-0156,Frankfurt,50.1109,8.6821,Berlin,52.52,13.405,1284,3.94,259.3,423.53,931.54,543.81252,1.713
SHP-0157,Cologne,50.9375,6.9603,Berlin,52.52,13.405,7013,25.84,315.92,477.26,1388.0,3347.02438,0.415
SHP-0158,Munich,48.1371,11.5761,Berlin,52.52,13.405,858,3.58,298.77,504.31,1060.46,432.69798,2.451
SHP-0159,Frankfurt,50.1109,8.6821,Cologne,50.9375,6.9603,2278,7.76,268.56,152.52,633.34,347.44056,1.823
SHP-0160,Berlin,52.52,13.405,Munich,48.1371,11.5761,6198,20.44,258.71,504.31,1314.64,3125.71338,0.421
SHP-0161,Cologne,50.9375,6.9603,Frankfurt,50.1109,8.6821,8489,35.25,297.56,152.52,1013.64,1294.7422800000002,0.783
SHP-0162,Berlin,52.52,13.405,Hamburg,53.5511,9.9937,11564,36.31,322.64,255.25,1352.0,2951.7110000000002,0.458
SHP-0163,Kiel,54.3233,10.1228,Cologne,50.9375,6.9603,7847,25.0,331.03,432.67,1391.69,3395.1614900000004,0.41
SHP-0164,Munich,48.1371,11.5761,Frankfurt,50.1109,8.6821,3043,8.74,386.01,304.12,1011.48,925.4371600000001,1.093
SHP-0165,Frankfurt,50.1109,8.6821,Cologne,50.9375,6.9603,5941,24.06,180.13,152.52,739.43,906.1213200000001,0.816
SHP-0166,Cologne,50.9375,6.9603,Kiel,54.3233,10.1228,11359,41.89,365.51,432.67,1626.98,4914.698530000001,0.331
SHP-0167,Frankfurt,50.1109,8.6821,Hamburg,53.5511,9.9937,925,3.2,207.5,392.99,812.38,363.51575,2.235
SHP-0168,Kiel,54.3233,10.1228,Hamburg,53.5511,9.9937,6598,24.79,251.12,86.28,766.7,569.27544,1.347
SHP-0169,Munich,48.1371,11.5761,Cologne,50.9375,6.9603,8985,32.32,256.7,455.8,1403.26,4095.363,0.343
SHP-0170,Hamburg,53.5511,9.9937,Cologne,50.9375,6.9603,11888,59.43,196.37,356.46,1364.74,4237.59648,0.322
SHP-0171,Hamburg,53.5511,9.9937,Kiel,54.3233,10.1228,4533,14.39,250.48,86.28,650.35,391.10724000000005,1.663
SHP-0172,Berlin,52.52,13.405,Kiel,54.3233,10.1228,9335,35.54,255.34,295.76,1206.24,2760.9196,0.437
SHP-0173,Frankfurt,50.1109,8.6821,Munich,48.1371,11.5761,5874,24.02,363.21,304.12,1144.48,1786.40088,0.641
SHP-0174,Kiel,54.3233,10.1228,Munich,48.1371,11.5761,11858,44.89,246.08,695.24,1874.06,8244.155920000001,0.227
SHP-0175,Cologne,50.9375,6.9603,Hamburg,53.5511,9.9937,9542,44.71,254.4,356.46,1298.36,3401.3413199999995,0.382
SHP-0176,Cologne,50.9375,6.9603,Frankfurt,50.1109,8.6821,2420,6.94,207.92,152.52,573.38,369.0984,1.553
SHP-0177,Kiel,54.3233,10.1228,Hamburg,53.5511,9.9937,10052,46.1,161.74,86.28,860.02,867.28656,0.992
SHP-0178,Munich,48.1371,11.5761,Cologne,50.9375,6.9603,9465,37.48,164.46,455.8,1326.83,4314.147,0.308
SHP-0179,Frankfurt,50.1109,8.6821,Cologne,50.9375,6.9603,2499,9.63,339.56,152.52,725.24,381.14748000000003,1.903
SHP-0180,Cologne,50.9375,6.9603,Berlin,52.52,13.405,5828,19.86,336.97,477.26,1345.21,2781.47128,0.484
SHP-0181,Munich,48.1371,11.5761,Cologne,50.9375,6.9603,1552,4.68,216.4,455.8,941.88,707.4016,1.331
SHP-0182,Berlin,52.52,13.405,Kiel,54.3233,10.1228,10300,50.17,232.26,295.76,1234.43,3046.328,0.405
SHP-0183,Kiel,54.3233,10.1228,Berlin,52.52,13.405,5197,20.31,214.94,295.76,929.27,1537.06472,0.605
SHP-0184,Munich,48.1371,11.5761,Hamburg,53.5511,9.9937,3032,10.02,169.03,612.13,1181.81,1855.9781600000001,0.637
SHP-0185,Munich,48.1371,11.5761,Cologne,50.9375,6.9603,6434,19.15,292.83,455.8,1300.87,2932.6172,0.444
SHP-0186,Kiel,54.3233,10.1228,Cologne,50.9375,6.9603,10604,33.18,314.61,432.67,1527.7,4588.03268,0.333
SHP-0187,Berlin,52.52,13.405,Frankfurt,50.1109,8.6821,10125,33.24,320.04,423.53,1494.67,4288.24125,0.349
SHP-0188,Berlin,52.52,13.405,Cologne,50.9375,6.9603,11555,42.82,369.77,477.26,1702.66,5514.7393,0.309
SHP-0189,Cologne,50.9375,6.9603,Hamburg,53.5511,9.9937,9050,40.38,354.49,356.46,1382.91,3225.963,0.429
SHP-0190,Frankfurt,50.1109,8.6821,Berlin,52.52,13.405,3800,12.99,395.3,423.53,1224.76,1609.4139999999998,0.761
SHP-0191,Cologne,50.9375,6.9603,Munich,48.1371,11.5761,1977,8.15,154.61,455.8,896.47,901.1166000000001,0.995
SHP-0192,Kiel,54.3233,10.1228,Cologne,50.9375,6.9603,9167,28.8,193.44,432.67,1311.51,3966.28589,0.331
SHP-0193,Hamburg,53.5511,9.9937,Cologne,50.9375,6.9603,8643,41.14,295.54,356.46,1294.1,3080.88378,0.42
SHP-0194,Kiel,54.3233,10.1228,Cologne,50.9375,6.9603,10522,30.41,392.22,432.67,1610.03,4552.55374,0.354
SHP-0195,Kiel,54.3233,10.1228,Berlin,52.52,13.405,782,3.85,230.9,295.76,699.9,231.28432,3.026
SHP-0196,Hamburg,53.5511,9.9937,Frankfurt,50.1109,8.6821,2327,8.61,386.08,392.99,1090.9,914.48773,1.193
SHP-0197,Berlin,52.52,13.405,Frankfurt,50.1109,8.6821,9640,31.71,205.19,423.53,1338.88,4082.8292,0.328
SHP-0198,Cologne,50.9375,6.9603,Hamburg,53.5511,9.9937,10482,30.43,157.83,356.46,1242.84,3736.4137199999996,0.333
SHP-0199,Berlin,52.52,13.405,Frankfurt,50.1109,8.6821,11591,36.91,260.57,423.53,1510.16,4909.136229999999,0.308
SHP-0200,Kiel,54.3233,10.1228,Cologne,50.9375,6.9603,9077,39.46,367.03,432.67,1500.89,3927.34559,0.382
SHP-0201,Hamburg,53.5511,9.9937,Cologne,50.9375,6.9603,2331,10.11,172.79,356.46,803.14,830.9082599999999,0.967
SHP-0202,Cologne,50.9375,6.9603,Hamburg,53.5511,9.9937,9663,39.58,377.96,356.46,1443.53,3444.47298,0.419
SHP-0203,Cologne,50.9375,6.9603,Hamburg,53.5511,9.9937,6037,27.74,181.3,356.46,1020.21,2151.94902,0.474
SHP-0204,Munich,48.1371,11.5761,Berlin,52.52,13.405,3093,13.8,312.88,504.31,1201.43,1559.83083,0.77
SHP-0205,Hamburg,53.5511,9.9937,Frankfurt,50.1109,8.6821,5735,28.43,168.11,392.99,1037.62,2253.79765,0.46
SHP-0206,Kiel,54.3233,10.1228,Cologne,50.9375,6.9603,11455,34.07,331.07,432.67,1593.79,4956.23485,0.322
SHP-0207,Kiel,54.3233,10.1228,Berlin,52.52,13.405,2138,7.78,304.54,295.76,858.31,632.33488,1.357
SHP-0208,Cologne,50.9375,6.9603,Munich,48.1371,11.5761,1332,4.75,370.63,455.8,1102.29,607.1256000000001,1.816
SHP-0209,Frankfurt,50.1109,8.6821,Munich,48.1371,11.5761,4204,12.13,200.21,304.12,868.4,1278.52048,0.679
SHP-0210,Hamburg,53.5511,9.9937,Frankfurt,50.1109,8.6821,2426,11.25,309.11,392.99,1010.24,953.3937400000001,1.06
SHP-0211,Cologne,50.9375,6.9603,Frankfurt,50.1109,8.6821,7590,26.0,224.71,152.52,881.7,1157.6268,0.762
SHP-0212,Hamburg,53.5511,9.9937,Munich,48.1371,11.5761,4403,13.66,170.03,612.13,1259.7,2695.20839,0.467
SHP-0213,Hamburg,53.5511,9.9937,Munich,48.1371,11.5761,5701,19.23,281.6,612.13,1457.35,3489.7531299999996,0.418
SHP-0214,Hamburg,53.5511,9.9937,Cologne,50.9375,6.9603,3341,14.92,367.95,356.46,1078.28,1190.93286,0.905
SHP-0215,Hamburg,53.5511,9.9937,Frankfurt,50.1109,8.6821,9059,27.39,258.41,392.99,1324.9,3560.0964099999997,0.372
SHP-0216,Hamburg,53.5511,9.9937,Kiel,54.3233,10.1228,8012,32.07,285.62,86.28,884.53,691.2753600000001,1.28
SHP-0217,Cologne,50.9375,6.9603,Hamburg,53.5511,9.9937,8322,39.47,157.66,356.46,1121.69,2966.4601199999997,0.378
SHP-0218,Munich,48.1371,11.5761,Cologne,50.9375,6.9603,8862,28.46,256.37,455.8,1396.0,4039.2996000000003,0.346
SHP-0219,Hamburg,53.5511,9.9937,Munich,48.1371,11.5761,6305,22.4,278.5,612.13,1487.7,3859.4796499999998,0.385
SHP-0220,Munich,48.1371,11.5761,Cologne,50.9375,6.9603,6096,18.42,375.18,455.8,1374.17,2778.5568000000003,0.495
SHP-0221,Hamburg,53.5511,9.9937,Cologne,50.9375,6.9603,10992,47.46,305.74,356.46,1437.06,3918.20832,0.367
SHP-0222,Kiel,54.3233,10.1228,Frankfurt,50.1109,8.6821,5161,17.78,308.14,478.54,1277.29,2469.74494,0.517
SHP-0223,Cologne,50.9375,6.9603,Frankfurt,50.1109,8.6821,1295,4.88,174.35,152.52,472.78,197.5134,2.394
SHP-0224,Munich,48.1371,11.5761,Kiel,54.3233,10.1228,2380,9.2,392.35,695.24,1507.11,1654.6712,0.911
SHP-0225,Kiel,54.3233,10.1228,Cologne,50.9375,6.9603,7266,25.07,249.16,432.67,1267.46,3143.78022,0.403
SHP-0226,Hamburg,53.5511,9.9937,Frankfurt,50.1109,8.6821,4305,16.1,317.35,392.99,1124.69,1691.82195,0.665
SHP-0227,Frankfurt,50.1109,8.6821,Berlin,52.52,13.405,8627,38.33,191.9,423.53,1267.26,3653.79331,0.347
SHP-0228,Berlin,52.52,13.405,Frankfurt,50.1109,8.6821,6635,20.91,326.35,423.53,1306.3,2810.12155,0.465
SHP-0229,Cologne,50.9375,6.9603,Berlin,52.52,13.405,3602,17.27,282.79,477.26,1159.87,1719.09052,0.675
SHP-0230,Cologne,50.9375,6.9603,Munich,48.1371,11.5761,3084,13.59,172.14,455.8,978.1,1405.6872,0.696
SHP-0231,Cologne,50.9375,6.9603,Frankfurt,50.1109,8.6821,2205,6.34,391.28,152.52,766.7,336.30660000000006,2.28
SHP-0232,Kiel,54.3233,10.1228,Frankfurt,50.1109,8.6821,10481,39.08,278.9,478.54,1542.46,5015.57774,0.308
SHP-0233,Hamburg,53.5511,9.9937,Cologne,50.9375,6.9603,2026,9.15,384.95,356.46,1023.68,722.1879599999999,1.417
SHP-0234,Cologne,50.9375,6.9603,Munich,48.1371,11.5761,8234,30.89,367.04,455.8,1484.78,3753.0572,0.396
SHP-0235,Cologne,50.9375,6.9603,Frankfurt,50.1109,8.6821,11363,37.57,274.29,152.52,1148.52,1733.08476,0.663
SHP-0236,Kiel,54.3233,10.1228,Cologne,50.9375,6.9603,9337,43.03,348.88,432.67,1495.13,4039.83979,0.37
SHP-0237,Berlin,52.52,13.405,Kiel,54.3233,10.1228,8077,31.18,312.81,295.76,1200.16,2388.85352,0.502
SHP-0238,Hamburg,53.5511,9.9937,Munich,48.1371,11.5761,1054,3.04,251.73,612.13,1163.66,645.18502,1.804
SHP-0239,Berlin,52.52,13.405,Munich,48.1371,11.5761,8992,27.1,251.04,504.31,1462.51,4534.755520000001,0.323
SHP-0240,Hamburg,53.5511,9.9937,Cologne,50.9375,6.9603,10865,32.76,229.3,356.46,1344.34,3872.9379,0.347
SHP-0241,Frankfurt,50.1109,8.6821,Kiel,54.3233,10.1228,7964,31.95,307.55,478.54,1433.6,3811.0925600000005,0.376
SHP-0242,Kiel,54.3233,10.1228,Frankfurt,50.1109,8.6821,7359,26.11,261.1,478.54,1347.69,3521.57586,0.383
SHP-0243,Hamburg,53.5511,9.9937,Cologne,50.9375,6.9603,8184,27.94,265.87,356.46,1235.16,2917.26864,0.423
SHP-0244,Hamburg,53.5511,9.9937,Kiel,54.3233,10.1228,11013,34.19,177.23,86.28,931.19,950.20164,0.98
SHP-0245,Kiel,54.3233,10.1228,Munich,48.1371,11.5761,6636,22.79,341.22,695.24,1688.18,4613.61264,0.366
SHP-0246,Cologne,50.9375,6.9603,Hamburg,53.5511,9.9937,709,3.09,151.89,356.46,688.9,252.73013999999998,2.726
SHP-0247,Kiel,54.3233,10.1228,Berlin,52.52,13.405,11160,53.39,383.61,295.76,1452.1,3300.6816,0.44
SHP-0248,Cologne,50.9375,6.9603,Hamburg,53.5511,9.9937,7599,27.29,317.52,356.46,1260.25,2708.73954,0.465
SHP-0249,Hamburg,53.5511,9.9937,Kiel,54.3233,10.1228,8752,33.66,394.18,86.28,1047.55,755.12256,1.387
SHP-0250,Frankfurt,50.1109,8.6821,Cologne,50.9375,6.9603,8332,36.67,281.29,152.52,986.62,1270.7966400000003,0.776
SHP-0251,Frankfurt,50.1109,8.6821,Munich,48.1371,11.5761,11573,42.46,351.5,304.12,1450.51,3519.5807600000003,0.412
SHP-0252,Munich,48.1371,11.5761,Berlin,52.52,13.405,1791,8.94,309.5,504.31,1124.73,903.21921,1.245
SHP-0253,Munich,48.1371,11.5761,Kiel,54.3233,10.1228,7935,35.08,240.19,695.24,1647.78,5516.7294,0.299
SHP-0254,Frankfurt,50.1109,8.6821,Cologne,50.9375,6.9603,3973,12.82,362.79,152.52,833.8,605.96196,1.376
SHP-0255,Cologne,50.9375,6.9603,Frankfurt,50.1109,8.6821,2221,8.43,188.25,152.52,540.2,338.74692000000005,1.595
SHP-0256,Cologne,50.9375,6.9603,Kiel,54.3233,10.1228,2992,13.96,155.91,432.67,923.68,1294.54864,0.714
SHP-0257,Hamburg,53.5511,9.9937,Berlin,52.52,13.405,3454,11.72,164.61,255.25,720.84,881.6335,0.818
SHP-0258,Cologne,50.9375,6.9603,Kiel,54.3233,10.1228,8494,32.59,257.05,432.67,1345.07,3675.09898,0.366
SHP-0259,Cologne,50.9375,6.9603,Berlin,52.52,13.405,1976,9.16,331.08,477.26,1122.9,943.06576,1.191
SHP-0260,Frankfurt,50.1109,8.6821,Munich,48.1371,11.5761,7351,28.25,241.74,304.12,1091.14,2235.58612,0.488
SHP-0261,Berlin,52.52,13.405,Frankfurt,50.1109,8.6821,10066,33.5,167.48,423.53,1320.5,4263.25298,0.31
SHP-0262,Hamburg,53.5511,9.9937,Frankfurt,50.1109,8.6821,4229,16.92,317.37,392.99,1120.46,1661.95471,0.674
SHP-0263,Kiel,54.3233,10.1228,Munich,48.1371,11.5761,8902,33.0,165.04,695.24,1617.76,6189.0264799999995,0.261
SHP-0264,Cologne,50.9375,6.9603,Munich,48.1371,11.5761,7802,24.91,192.62,455.8,1265.24,3556.1515999999997,0.356
SHP-0265,Frankfurt,50.1109,8.6821,Kiel,54.3233,10.1228,8146,25.51,381.79,478.54,1526.94,3898.1868400000008,0.392
SHP-0266,Kiel,54.3233,10.1228,Hamburg,53.5511,9.9937,8977,28.47,210.91,86.28,854.89,774.53556,1.104
SHP-0267,Hamburg,53.5511,9.9937,Munich,48.1371,11.5761,1524,4.86,181.93,612.13,1111.81,932.88612,1.192
SHP-0268,Munich,48.1371,11.5761,Cologne,50.9375,6.9603,1852,7.91,235.42,455.8,979.98,844.1416,1.161
SHP-0269,Frankfurt,50.1109,8.6821,Kiel,54.3233,10.1228,6868,27.94,249.25,478.54,1306.93,3286.61272,0.398
SHP-0270,Hamburg,53.5511,9.9937,Cologne,50.9375,6.9603,11073,40.33,398.04,356.46,1544.98,3947.08158,0.391
SHP-0271,Kiel,54.3233,10.1228,Hamburg,53.5511,9.9937,1838,5.7,245.16,86.28,493.47,158.58264,3.112
SHP-0272,Hamburg,53.5511,9.9937,Kiel,54.3233,10.1228,9915,39.92,155.72,86.28,845.61,855.4662,0.988
SHP-0273,Hamburg,53.5511,9.9937,Frankfurt,50.1109,8.6821,11719,39.57,355.62,392.99,1582.74,4605.44981,0.344
SHP-0274,Munich,48.1371,11.5761,Frankfurt,50.1109,8.6821,7473,33.83,374.57,304.12,1246.74,2272.68876,0.549
SHP-0275,Berlin,52.52,13.405,Hamburg,53.5511,9.9937,5084,22.91,241.88,255.25,898.67,1297.6909999999998,0.693
SHP-0276,Kiel,54.3233,10.1228,Munich,48.1371,11.5761,11575,40.98,391.46,695.24,2021.04,8047.402999999999,0.251
SHP-0277,Hamburg,53.5511,9.9937,Kiel,54.3233,10.1228,5554,25.73,310.21,86.28,774.42,479.19912000000005,1.616
SHP-0278,Hamburg,53.5511,9.9937,Kiel,54.3233,10.1228,4695,18.2,291.11,86.28,704.92,405.0846,1.74
SHP-0279,Frankfurt,50.1109,8.6821,Munich,48.1371,11.5761,11940,57.22,323.76,304.12,1439.99,3631.1928,0.397
SHP-0280,Berlin,52.52,13.405,Frankfurt,50.1109,8.6821,1895,7.72,175.26,423.53,871.64,802.58935,1.086
SHP-0281,Cologne,50.9375,6.9603,Berlin,52.52,13.405,9860,33.73,226.56,477.26,1447.34,4705.7836,0.308
SHP-0282,Munich,48.1371,11.5761,Hamburg,53.5511,9.9937,8829,27.69,251.2,612.13,1598.47,5404.49577,0.296
SHP-0283,Hamburg,53.5511,9.9937,Berlin,52.52,13.405,6038,26.65,246.77,255.25,957.57,1541.1995000000002,0.621
SHP-0284,Frankfurt,50.1109,8.6821,Hamburg,53.5511,9.9937,720,3.01,340.07,392.99,949.38,282.95279999999997,3.355
SHP-0285,Kiel,54.3233,10.1228,Munich,48.1371,11.5761,10094,34.29,199.71,695.24,1723.34,7017.75256,0.246
SHP-0286,Berlin,52.52,13.405,Munich,48.1371,11.5761,3557,11.98,274.83,504.31,1184.79,1793.83067,0.66
SHP-0287,Hamburg,53.5511,9.9937,Munich,48.1371,11.5761,3299,11.08,352.67,612.13,1402.44,2019.41687,0.694
SHP-0288,Kiel,54.3233,10.1228,Munich,48.1371,11.5761,9527,28.54,388.83,695.24,1903.4,6623.551479999999,0.287
SHP-0289,Munich,48.1371,11.5761,Berlin,52.52,13.405,5532,23.22,360.22,504.31,1391.03,2789.84292,0.499
SHP-0290,Munich,48.1371,11.5761,Kiel,54.3233,10.1228,7827,26.19,373.78,695.24,1791.35,5441.64348,0.329
SHP-0291,Cologne,50.9375,6.9603,Berlin,52.52,13.405,10648,49.33,397.07,477.26,1682.44,5081.86448,0.331
SHP-0292,Berlin,52.52,13.405,Munich,48.1371,11.5761,8737,41.44,167.81,504.31,1355.01,4406.15647,0.308
SHP-0293,Munich,48.1371,11.5761,Berlin,52.52,13.405,4562,18.66,237.43,504.31,1199.19,2300.66222,0.521
SHP-0294,Berlin,52.52,13.405,Hamburg,53.5511,9.9937,5239,18.55,357.63,255.25,1036.99,1337.25475,0.775
SHP-0295,Cologne,50.9375,6.9603,Kiel,54.3233,10.1228,9346,31.82,245.48,432.67,1379.82,4043.7338200000004,0.341
SHP-0296,Frankfurt,50.1109,8.6821,Cologne,50.9375,6.9603,9408,31.72,282.58,152.52,1048.32,1434.90816,0.731
SHP-0297,Munich,48.1371,11.5761,Frankfurt,50.1109,8.6821,3867,11.14,300.47,304.12,961.82,1176.03204,0.818
SHP-0298,Hamburg,53.5511,9.9937,Kiel,54.3233,10.1228,4390,12.94,206.15,86.28,592.69,378.76919999999996,1.565
SHP-0299,Cologne,50.9375,6.9603,Kiel,54.3233,10.1228,2382,9.88,382.08,432.67,1142.83,1030.61994,1.109
SHP-0300,Cologne,50.9375,6.9603,Kiel,54.3233,10.1228,11912,39.61,229.23,432.67,1505.32,5153.965040000001,0.292
SHP-0301,Cologne,50.9375,6.9603,Berlin,52.52,13.405,7814,33.51,394.6,477.26,1520.97,3729.30964,0.408
SHP-0302,Hamburg,53.5511,9.9937,Berlin,52.52,13.405,6767,19.46,384.35,255.25,1152.48,1727.27675,0.667
SHP-0303,Munich,48.1371,11.5761,Hamburg,53.5511,9.9937,8380,39.2,391.28,612.13,1730.22,5129.6494,0.337
SHP-0304,Kiel,54.3233,10.1228,Cologne,50.9375,6.9603,9219,29.59,302.99,432.67,1437.12,3988.78473,0.36
SHP-0305,Frankfurt,50.1109,8.6821,Berlin,52.52,13.405,10543,35.69,340.28,423.53,1540.75,4465.276789999999,0.345
SHP-0306,Munich,48.1371,11.5761,Cologne,50.9375,6.9603,8854,25.39,174.79,455.8,1304.18,4035.6531999999997,0.323
SHP-0307,Frankfurt,50.1109,8.6821,Cologne,50.9375,6.9603,9037,28.04,303.74,152.52,1051.25,1378.3232400000002,0.763
SHP-0308,Kiel,54.3233,10.1228,Munich,48.1371,11.5761,6873,34.23,340.25,695.24,1700.37,4778.3845200000005,0.356
SHP-0309,Cologne,50.9375,6.9603,Munich,48.1371,11.5761,9119,29.06,319.59,455.8,1481.2,4156.4402,0.356
SHP-0310,Frankfurt,50.1109,8.6821,Cologne,50.9375,6.9603,4931,16.63,345.1,152.52,867.63,752.0761200000001,1.154
SHP-0311,Cologne,50.9375,6.9603,Frankfurt,50.1109,8.6821,5245,17.23,150.8,152.52,667.6,799.9674000000001,0.835
SHP-0312,Berlin,52.52,13.405,Munich,48.1371,11.5761,1569,5.44,270.24,504.31,1068.33,791.26239,1.35
SHP-0313,Cologne,50.9375,6.9603,Berlin,52.52,13.405,3092,10.12,163.2,477.26,997.37,1475.68792,0.676
SHP-0314,Hamburg,53.5511,9.9937,Cologne,50.9375,6.9603,9988,36.35,169.26,356.46,1227.98,3560.32248,0.345
SHP-0315,Hamburg,53.5511,9.9937,Munich,48.1371,11.5761,8638,27.14,279.32,612.13,1619.27,5287.57894,0.306
SHP-0316,Kiel,54.3233,10.1228,Hamburg,53.5511,9.9937,5491,25.74,205.15,86.28,653.22,473.76347999999996,1.379
SHP-0317,Berlin,52.52,13.405,Hamburg,53.5511,9.9937,8936,36.49,193.37,255.25,1060.05,2280.9139999999998,0.465
SHP-0318,Berlin,52.52,13.405,Hamburg,53.5511,9.9937,8387,24.05,336.8,255.25,1189.94,2140.78175,0.556
SHP-0319,Cologne,50.9375,6.9603,Munich,48.1371,11.5761,7003,20.18,191.32,455.8,1219.04,3191.9674,0.382
SHP-0320,Cologne,50.9375,6.9603,Kiel,54.3233,10.1228,3640,13.11,224.68,432.67,1036.99,1574.9188000000001,0.658
SHP-0321,Hamburg,53.5511,9.9937,Frankfurt,50.1109,8.6821,3093,12.06,265.43,392.99,998.67,1215.51807,0.822
SHP-0322,Kiel,54.3233,10.1228,Munich,48.1371,11.5761,6054,27.52,170.15,695.24,1463.99,4208.98296,0.348
SHP-0323,Cologne,50.9375,6.9603,Kiel,54.3233,10.1228,9303,41.56,302.56,432.67,1441.34,4025.1290100000006,0.358
SHP-0324,Kiel,54.3233,10.1228,Berlin,52.52,13.405,654,2.7,161.15,295.76,614.61,193.42704,3.177
SHP-0325,Berlin,52.52,13.405,Hamburg,53.5511,9.9937,10921,46.0,217.99,255.25,1198.78,2787.5852499999996,0.43
SHP-0326,Munich,48.1371,11.5761,Cologne,50.9375,6.9603,1251,4.58,158.4,455.8,860.06,570.2058,1.508
SHP-0327,Kiel,54.3233,10.1228,Hamburg,53.5511,9.9937,4478,18.11,342.96,86.28,750.84,386.36184,1.943
SHP-0328,Hamburg,53.5511,9.9937,Cologne,50.9375,6.9603,1971,5.93,248.36,356.46,867.62,702.58266,1.235
SHP-0329,Munich,48.1371,11.5761,Hamburg,53.5511,9.9937,6186,17.83,186.24,612.13,1377.71,3786.63618,0.364
SHP-0330,Kiel,54.3233,10.1228,Munich,48.1371,11.5761,4050,11.84,391.84,695.24,1600.06,2815.7219999999998,0.568
SHP-0331,Munich,48.1371,11.5761,Frankfurt,50.1109,8.6821,3091,13.01,362.65,304.12,988.0,940.03492,1.051
SHP-0332,Berlin,52.52,13.405,Munich,48.1371,11.5761,10391,33.69,166.92,504.31,1446.64,5240.28521,0.276
SHP-0333,Frankfurt,50.1109,8.6821,Munich,48.1371,11.5761,3100,9.48,257.16,304.12,870.36,942.772,0.923
SHP-0334,Munich,48.1371,11.5761,Frankfurt,50.1109,8.6821,1621,4.92,265.04,304.12,796.36,492.97852,1.615
SHP-0335,Hamburg,53.5511,9.9937,Berlin,52.52,13.405,1787,7.05,394.52,255.25,884.99,456.13174999999995,1.94
SHP-0336,Berlin,52.52,13.405,Cologne,50.9375,6.9603,2394,9.59,339.19,477.26,1155.39,1142.56044,1.011
SHP-0337,Hamburg,53.5511,9.9937,Frankfurt,50.1109,8.6821,10511,44.57,262.81,392.99,1411.14,4130.71789,0.342
SHP-0338,Cologne,50.9375,6.9603,Munich,48.1371,11.5761,6853,32.01,235.92,455.8,1260.59,3123.5974,0.404
SHP-0339,Cologne,50.9375,6.9603,Kiel,54.3233,10.1228,4777,17.84,249.35,432.67,1128.29,2066.86459,0.546
SHP-0340,Berlin,52.52,13.405,Frankfurt,50.1109,8.6821,2843,10.21,221.78,423.53,976.83,1204.0957899999999,0.811
SHP-0341,Berlin,52.52,13.405,Munich,48.1371,11.5761,4092,13.81,198.96,504.31,1129.78,2063.63652,0.547
SHP-0342,Hamburg,53.5511,9.9937,Munich,48.1371,11.5761,2409,8.25,240.78,612.13,1227.28,1474.62117,0.832
SHP-0343,Frankfurt,50.1109,8.6821,Hamburg,53.5511,9.9937,7378,35.99,240.92,392.99,1211.18,2899.48022,0.418
SHP-0344,Kiel,54.3233,10.1228,Cologne,50.9375,6.9603,11629,35.4,179.41,432.67,1433.67,5031.51943,0.285
SHP-0345,Berlin,52.52,13.405,Frankfurt,50.1109,8.6821,1907,6.18,230.75,423.53,934.46,807.67171,1.157
SHP-0346,Cologne,50.9375,6.9603,Hamburg,53.5511,9.9937,1993,6.58,173.26,356.46,784.74,710.4247799999999,1.105
SHP-0347,Cologne,50.9375,6.9603,Munich,48.1371,11.5761,1413,4.56,196.85,455.8,912.2,644.0454000000001,1.416
SHP-0348,Kiel,54.3233,10.1228,Munich,48.1371,11.5761,1773,5.65,397.02,695.24,1478.35,1232.66052,1.199
SHP-0349,Kiel,54.3233,10.1228,Munich,48.1371,11.5761,3424,10.6,369.96,695.24,1540.5,2380.50176,0.647
SHP-0350,Munich,48.1371,11.5761,Cologne,50.9375,6.9603,9998,46.48,209.97,455.8,1407.65,4557.0884,0.309
SHP-0351,Cologne,50.9375,6.9603,Kiel,54.3233,10.1228,2699,9.24,258.88,432.67,1022.6,1167.77633,0.876
SHP-0352,Frankfurt,50.1109,8.6821,Berlin,52.52,13.405,11759,39.84,181.57,423.53,1431.09,4980.28927,0.287
SHP-0353,Cologne,50.9375,6.9603,Hamburg,53.5511,9.9937,2422,8.12,397.94,356.46,1060.41,863.34612,1.228
SHP-0354,Cologne,50.9375,6.9603,Kiel,54.3233,10.1228,4011,17.3,158.3,432.67,983.42,1735.43937,0.567
SHP-0355,Hamburg,53.5511,9.9937,Munich,48.1371,11.5761,10518,33.4,347.11,612.13,1800.47,6438.38334,0.28
SHP-0356,Frankfurt,50.1109,8.6821,Kiel,54.3233,10.1228,8213,28.91,177.75,478.54,1302.17,3930.2490199999997,0.331
SHP-0357,Munich,48.1371,11.5761,Cologne,50.9375,6.9603,5246,16.38,269.77,455.8,1208.51,2391.1268000000005,0.505
SHP-0358,Cologne,50.9375,6.9603,Munich,48.1371,11.5761,11611,52.99,326.92,455.8,1628.96,5292.2938,0.308
SHP-0359,Frankfurt,50.1109,8.6821,Hamburg,53.5511,9.9937,9756,48.13,390.7,392.99,1512.1,3834.01044,0.394
SHP-0360,Berlin,52.52,13.405,Kiel,54.3233,10.1228,3737,11.29,178.15,295.76,806.3,1105.25512,0.73
SHP-0361,Munich,48.1371,11.5761,Berlin,52.52,13.405,1030,3.61,220.96,504.31,982.95,519.4393,1.892
SHP-0362,Berlin,52.52,13.405,Frankfurt,50.1109,8.6821,3949,12.68,162.04,423.53,971.85,1672.5199699999998,0.581
SHP-0363,Munich,48.1371,11.5761,Hamburg,53.5511,9.9937,4299,17.12,397.26,612.13,1508.38,2631.54687,0.573
SHP-0364,Kiel,54.3233,10.1228,Munich,48.1371,11.5761,7202,20.62,363.92,695.24,1745.3,5007.11848,0.349
SHP-0365,Berlin,52.52,13.405,Munich,48.1371,11.5761,6116,19.69,281.31,504.31,1335.36,3084.35996,0.433
SHP-0366,Cologne,50.9375,6.9603,Berlin,52.52,13.405,10608,37.12,279.36,477.26,1548.37,5062.77408,0.306
SHP-0367,Cologne,50.9375,6.9603,Hamburg,53.5511,9.9937,7422,22.23,260.85,356.46,1186.87,2645.64612,0.449
SHP-0368,Frankfurt,50.1109,8.6821,Kiel,54.3233,10.1228,7855,26.06,182.92,478.54,1287.91,3758.9317000000005,0.343
SHP-0369,Cologne,50.9375,6.9603,Berlin,52.52,13.405,3520,14.62,268.22,477.26,1138.96,1679.9551999999999,0.678
SHP-0370,Cologne,50.9375,6.9603,Berlin,52.52,13.405,1315,5.52,240.46,477.26,984.39,627.5969,1.569
SHP-0371,Hamburg,53.5511,9.9937,Cologne,50.9375,6.9603,5900,22.05,268.24,356.46,1109.91,2103.114,0.528
SHP-0372,Cologne,50.9375,6.9603,Berlin,52.52,13.405,2880,10.38,151.38,477.26,972.26,1374.5087999999998,0.707
SHP-0373,Cologne,50.9375,6.9603,Frankfurt,50.1109,8.6821,1742,6.94,350.65,152.52,695.27,265.68984,2.617
SHP-0374,Kiel,54.3233,10.1228,Frankfurt,50.1109,8.6821,3694,11.45,221.14,478.54,1097.7,1767.72676,0.621
SHP-0375,Berlin,52.52,13.405,Kiel,54.3233,10.1228,7109,34.77,318.86,295.76,1152.73,2102.55784,0.548
SHP-0376,Berlin,52.52,13.405,Frankfurt,50.1109,8.6821,3659,14.12,255.46,423.53,1060.24,1549.69627,0.684
SHP-0377,Munich,48.1371,11.5761,Berlin,52.52,13.405,8257,33.77,329.61,504.31,1509.35,4164.08767,0.362
SHP-0378,Cologne,50.9375,6.9603,Munich,48.1371,11.5761,524,1.7,357.4,455.8,1042.23,238.8392,4.364
SHP-0379,Kiel,54.3233,10.1228,Munich,48.1371,11.5761,8150,25.46,315.67,695.24,1744.35,5666.206,0.308
SHP-0380,Berlin,52.52,13.405,Frankfurt,50.1109,8.6821,5148,20.74,337.46,423.53,1235.47,2180.3324399999997,0.567
SHP-0381,Frankfurt,50.1109,8.6821,Munich,48.1371,11.5761,10712,36.96,275.54,304.12,1317.21,3257.73344,0.404
SHP-0382,Frankfurt,50.1109,8.6821,Berlin,52.52,13.405,2476,8.37,335.25,423.53,1083.36,1048.6602799999998,1.033
SHP-0383,Hamburg,53.5511,9.9937,Kiel,54.3233,10.1228,9930,32.64,283.12,86.28,989.13,856.7604,1.155
SHP-0384,Berlin,52.52,13.405,Frankfurt,50.1109,8.6821,1002,4.59,289.66,423.53,949.76,424.37706,2.238
SHP-0385,Munich,48.1371,11.5761,Frankfurt,50.1109,8.6821,10296,39.51,169.4,304.12,1175.04,3131.2195199999996,0.375
SHP-0386,Kiel,54.3233,10.1228,Munich,48.1371,11.5761,5633,17.62,355.61,695.24,1648.13,3916.28692,0.421
SHP-0387,Berlin,52.52,13.405,Cologne,50.9375,6.9603,1637,4.91,153.08,477.26,904.56,781.27462,1.158
SHP-0388,Kiel,54.3233,10.1228,Frankfurt,50.1109,8.6821,4807,21.36,257.63,478.54,1200.9,2300.34178,0.522
SHP-0389,Berlin,52.52,13.405,Munich,48.1371,11.5761,11386,45.37,279.31,504.31,1628.24,5742.07366,0.284
SHP-0390,Kiel,54.3233,10.1228,Hamburg,53.5511,9.9937,1324,5.06,227.8,86.28,445.24,114.23472000000001,3.898
SHP-0391,Hamburg,53.5511,9.9937,Munich,48.1371,11.5761,3005,8.63,263.5,612.13,1286.1,1839.45065,0.699
SHP-0392,Munich,48.1371,11.5761,Kiel,54.3233,10.1228,3127,9.02,282.98,695.24,1426.45,2174.01548,0.656
SHP-0393,Hamburg,53.5511,9.9937,Kiel,54.3233,10.1228,855,3.31,190.01,86.28,376.65,73.7694,5.106
SHP-0394,Kiel,54.3233,10.1228,Frankfurt,50.1109,8.6821,3826,11.42,179.03,478.54,1057.93,1830.8940400000001,0.578
SHP-0395,Kiel,54.3233,10.1228,Cologne,50.9375,6.9603,5607,16.06,286.35,432.67,1216.21,2425.9806900000003,0.501
SHP-0396,Hamburg,53.5511,9.9937,Berlin,52.52,13.405,4979,19.31,235.1,255.25,885.19,1270.88975,0.697
SHP-0397,Berlin,52.52,13.405,Munich,48.1371,11.5761,6620,29.39,211.73,504.31,1285.65,3338.5322,0.385
SHP-0398,Hamburg,53.5511,9.9937,Cologne,50.9375,6.9603,8653,38.19,276.86,356.46,1273.73,3084.44838,0.413
SHP-0399,Berlin,52.52,13.405,Hamburg,53.5511,9.9937,6765,30.1,295.75,255.25,1053.14,1726.76625,0.61
SHP-0400,Frankfurt,50.1109,8.6821,Berlin,52.52,13.405,6122,23.52,398.46,423.53,1358.33,2592.8506599999996,0.524
SHP-0401,Munich,48.1371,11.5761,Hamburg,53.5511,9.9937,9613,35.71,332.7,612.13,1733.65,5884.40569,0.295
SHP-0402,Munich,48.1371,11.5761,Berlin,52.52,13.405,10929,49.71,298.25,504.31,1623.86,5511.6039900000005,0.295
SHP-0403,Frankfurt,50.1109,8.6821,Cologne,50.9375,6.9603,10504,47.83,347.63,152.52,1182.56,1602.07008,0.738
SHP-0404,Munich,48.1371,11.5761,Berlin,52.52,13.405,896,2.59,387.28,504.31,1161.72,451.86176,2.571
SHP-0405,Munich,48.1371,11.5761,Hamburg,53.5511,9.9937,3978,14.53,280.61,612.13,1359.75,2435.05314,0.558
SHP-0406,Berlin,52.52,13.405,Frankfurt,50.1109,8.6821,7138,21.64,395.18,423.53,1411.55,3023.15714,0.467
SHP-0407,Kiel,54.3233,10.1228,Hamburg,53.5511,9.9937,7301,22.75,269.12,86.28,826.23,629.93028,1.312
SHP-0408,Berlin,52.52,13.405,Munich,48.1371,11.5761,10240,30.66,165.61,504.31,1436.72,5164.1344,0.278
SHP-0409,Berlin,52.52,13.405,Frankfurt,50.1109,8.6821,11672,50.07,333.51,423.53,1596.39,4943.44216,0.323
SHP-0410,Frankfurt,50.1109,8.6821,Hamburg,53.5511,9.9937,8464,38.44,224.85,392.99,1253.99,3326.2673600000003,0.377
SHP-0411,Kiel,54.3233,10.1228,Cologne,50.9375,6.9603,6578,20.62,397.64,432.67,1395.23,2846.1032600000003,0.49
SHP-0412,Frankfurt,50.1109,8.6821,Cologne,50.9375,6.9603,664,2.14,358.54,152.52,643.74,101.27328000000001,6.356
SHP-0413,Munich,48.1371,11.5761,Berlin,52.52,13.405,8073,25.64,361.48,504.31,1534.74,4071.2946300000003,0.377
SHP-0414,Cologne,50.9375,6.9603,Munich,48.1371,11.5761,5186,19.86,166.5,455.8,1089.49,2363.7788,0.461
SHP-0415,Frankfurt,50.1109,8.6821,Cologne,50.9375,6.9603,8524,42.43,175.24,152.52,878.6,1300.0804799999999,0.676
SHP-0416,Cologne,50.9375,6.9603,Munich,48.1371,11.5761,10183,43.09,269.56,455.8,1484.75,4641.4114,0.32
SHP-0417,Munich,48.1371,11.5761,Frankfurt,50.1109,8.6821,3895,16.58,220.25,304.12,873.54,1184.5474,0.737
SHP-0418,Frankfurt,50.1109,8.6821,Cologne,50.9375,6.9603,5979,25.56,310.12,152.52,887.15,911.91708,0.973
SHP-0419,Berlin,52.52,13.405,Frankfurt,50.1109,8.6821,5285,16.83,196.96,423.53,1085.78,2238.35605,0.485
SHP-0420,Hamburg,53.5511,9.9937,Munich,48.1371,11.5761,7826,28.06,265.79,612.13,1558.64,4790.52938,0.325
SHP-0421,Cologne,50.9375,6.9603,Berlin,52.52,13.405,6977,32.01,379.2,477.26,1456.85,3329.8430200000003,0.438
SHP-0422,Hamburg,53.5511,9.9937,Kiel,54.3233,10.1228,10642,32.89,330.43,86.28,1081.99,918.1917599999999,1.178
SHP-0423,Berlin,52.52,13.405,Cologne,50.9375,6.9603,501,1.81,161.71,477.26,850.61,239.10726,3.557
SHP-0424,Cologne,50.9375,6.9603,Frankfurt,50.1109,8.6821,543,2.29,335.23,152.52,610.85,82.81836000000001,7.376
SHP-0425,Berlin,52.52,13.405,Kiel,54.3233,10.1228,1994,7.0,366.64,295.76,919.8,589.74544,1.56
SHP-0426,Cologne,50.9375,6.9603,Hamburg,53.5511,9.9937,5488,16.31,244.33,356.46,1060.06,1956.25248,0.542
SHP-0427,Cologne,50.9375,6.9603,Berlin,52.52,13.405,986,3.46,382.54,477.26,1125.1,470.57836,2.391
SHP-0428,Cologne,50.9375,6.9603,Kiel,54.3233,10.1228,8700,29.0,391.51,432.67,1507.2,3764.229,0.4
SHP-0429,Berlin,52.52,13.405,Kiel,54.3233,10.1228,3927,18.2,345.46,295.76,1004.33,1161.44952,0.865
SHP-0430,Kiel,54.3233,10.1228,Munich,48.1371,11.5761,6233,24.18,366.46,695.24,1693.89,4333.43092,0.391
SHP-0431,Kiel,54.3233,10.1228,Hamburg,53.5511,9.9937,4752,22.86,341.89,86.28,764.99,410.00255999999996,1.866
SHP-0432,Frankfurt,50.1109,8.6821,Kiel,54.3233,10.1228,2937,9.84,268.07,478.54,1107.87,1405.47198,0.788
SHP-0433,Berlin,52.52,13.405,Munich,48.1371,11.5761,7489,30.66,184.15,504.31,1303.42,3776.77759,0.345
SHP-0434,Hamburg,53.5511,9.9937,Kiel,54.3233,10.1228,1100,3.64,267.04,86.28,476.65,94.90800000000002,5.022
SHP-0435,Berlin,52.52,13.405,Cologne,50.9375,6.9603,8168,25.25,345.5,477.26,1485.81,3898.2596799999997,0.381
SHP-0436,Kiel,54.3233,10.1228,Berlin,52.52,13.405,668,2.6,234.34,295.76,697.37,197.56768,3.53
SHP-0437,Cologne,50.9375,6.9603,Munich,48.1371,11.5761,861,2.77,232.56,455.8,921.28,392.4438,2.348
SHP-0438,Berlin,52.52,13.405,Munich,48.1371,11.5761,10592,51.36,249.41,504.31,1550.28,5341.65152,0.29
SHP-0439,Berlin,52.52,13.405,Kiel,54.3233,10.1228,6494,18.75,181.39,295.76,964.32,1920.6654399999998,0.502
SHP-0440,Hamburg,53.5511,9.9937,Kiel,54.3233,10.1228,4728,20.8,258.88,86.28,670.67,407.93183999999997,1.644
SHP-0441,Frankfurt,50.1109,8.6821,Berlin,52.52,13.405,3067,10.35,292.66,423.53,1068.76,1298.96651,0.823
SHP-0442,Berlin,52.52,13.405,Kiel,54.3233,10.1228,10611,35.21,286.74,295.76,1312.87,3138.30936,0.418
SHP-0443,Munich,48.1371,11.5761,Berlin,52.52,13.405,2251,6.72,327.53,504.31,1170.68,1135.20181,1.031
SHP-0444,Frankfurt,50.1109,8.6821,Munich,48.1371,11.5761,1186,3.94,295.55,304.12,806.17,360.68631999999997,2.235
SHP-0445,Munich,48.1371,11.5761,Kiel,54.3233,10.1228,11571,54.75,241.42,695.24,1852.77,8044.62204,0.23
SHP-0446,Hamburg,53.5511,9.9937,Cologne,50.9375,6.9603,10804,33.03,228.79,356.46,1340.35,3851.19384,0.348
SHP-0447,Cologne,50.9375,6.9603,Berlin,52.52,13.405,7813,30.26,318.53,477.26,1435.72,3728.83238,0.385
SHP-0448,Frankfurt,50.1109,8.6821,Berlin,52.52,13.405,4379,14.18,284.7,423.53,1133.31,1854.6378699999998,0.611
SHP-0449,Munich,48.1371,11.5761,Frankfurt,50.1109,8.6821,590,2.0,261.92,304.12,735.13,179.4308,4.097
SHP-0450,Munich,48.1371,11.5761,Cologne,50.9375,6.9603,9252,36.55,387.27,455.8,1564.45,4217.0616,0.371
SHP-0451,Hamburg,53.5511,9.9937,Munich,48.1371,11.5761,9780,36.36,286.64,612.13,1691.42,5986.631399999999,0.283
SHP-0452,Kiel,54.3233,10.1228,Hamburg,53.5511,9.9937,6035,18.03,318.59,86.28,810.74,520.6998,1.557
SHP-0453,Cologne,50.9375,6.9603,Frankfurt,50.1109,8.6821,5006,16.75,177.22,152.52,683.81,763.5151200000001,0.896
SHP-0454,Hamburg,53.5511,9.9937,Berlin,52.52,13.405,6509,27.95,264.74,255.25,1004.07,1661.42225,0.604
SHP-0455,Hamburg,53.5511,9.9937,Kiel,54.3233,10.1228,7656,22.05,197.53,86.28,765.93,660.55968,1.16
SHP-0456,Frankfurt,50.1109,8.6821,Berlin,52.52,13.405,8530,32.9,388.22,423.53,1481.71,3612.7108999999996,0.41
SHP-0457,Hamburg,53.5511,9.9937,Munich,48.1371,11.5761,4064,17.31,264.56,612.13,1346.59,2487.69632,0.541
SHP-0458,Kiel,54.3233,10.1228,Cologne,50.9375,6.9603,10334,35.58,358.85,432.67,1562.12,4471.21178,0.349
SHP-0459,Munich,48.1371,11.5761,Hamburg,53.5511,9.9937,7795,33.41,230.42,612.13,1517.29,4771.55335,0.318
SHP-0460,Frankfurt,50.1109,8.6821,Cologne,50.9375,6.9603,835,3.07,315.61,152.52,605.23,127.3542,4.752
SHP-0461,Cologne,50.9375,6.9603,Munich,48.1371,11.5761,11885,34.63,273.67,455.8,1584.67,5417.183,0.293
SHP-0462,Berlin,52.52,13.405,Frankfurt,50.1109,8.6821,5013,16.01,379.61,423.53,1275.12,2123.15589,0.601
SHP-0463,Cologne,50.9375,6.9603,Kiel,54.3233,10.1228,9556,40.21,291.02,432.67,1442.59,4134.59452,0.349
SHP-0464,Kiel,54.3233,10.1228,Cologne,50.9375,6.9603,10875,32.8,393.59,432.67,1631.33,4705.28625,0.347
SHP-0465,Kiel,54.3233,10.1228,Frankfurt,50.1109,8.6821,3129,9.11,187.04,478.54,1027.87,1497.35166,0.686
SHP-0466,Munich,48.1371,11.5761,Berlin,52.52,13.405,5521,19.24,279.17,504.31,1299.64,2784.29551,0.467
SHP-0467,Frankfurt,50.1109,8.6821,Kiel,54.3233,10.1228,5446,16.23,361.46,478.54,1352.97,2606.12884,0.519
SHP-0468,Hamburg,53.5511,9.9937,Frankfurt,50.1109,8.6821,10722,38.07,201.12,392.99,1353.86,4213.63878,0.321
SHP-0469,Kiel,54.3233,10.1228,Berlin,52.52,13.405,2881,13.68,167.25,295.76,746.16,852.0845599999999,0.876
SHP-0470,Berlin,52.52,13.405,Frankfurt,50.1109,8.6821,9825,30.2,233.05,423.53,1380.44,4161.18225,0.332
SHP-0471,Hamburg,53.5511,9.9937,Munich,48.1371,11.5761,2243,6.77,284.77,612.13,1267.25,1373.00759,0.923
SHP-0472,Kiel,54.3233,10.1228,Berlin,52.52,13.405,6787,24.26,297.61,295.76,1110.9,2007.32312,0.553
SHP-0473,Kiel,54.3233,10.1228,Munich,48.1371,11.5761,3100,12.62,225.99,695.24,1361.11,2155.244,0.632
SHP-0474,Hamburg,53.5511,9.9937,Frankfurt,50.1109,8.6821,11618,49.73,315.76,392.99,1532.44,4565.75782,0.336
SHP-0475,Frankfurt,50.1109,8.6821,Berlin,52.52,13.405,3983,16.01,328.16,423.53,1159.81,1686.9199899999999,0.688
SHP-0476,Cologne,50.9375,6.9603,Frankfurt,50.1109,8.6821,4375,12.5,251.44,152.52,731.6,667.2750000000001,1.096
SHP-0477,Munich,48.1371,11.5761,Frankfurt,50.1109,8.6821,8101,38.25,286.12,304.12,1182.85,2463.67612,0.48
SHP-0478,Hamburg,53.5511,9.9937,Frankfurt,50.1109,8.6821,7213,21.04,160.61,392.99,1111.99,2834.6368700000003,0.392
SHP-0479,Berlin,52.52,13.405,Cologne,50.9375,6.9603,1994,7.02,345.18,477.26,1139.7,951.65644,1.198
SHP-0480,Berlin,52.52,13.405,Cologne,50.9375,6.9603,5661,25.29,195.05,477.26,1176.91,2701.7688599999997,0.436
SHP-0481,Cologne,50.9375,6.9603,Berlin,52.52,13.405,8883,26.98,218.52,477.26,1383.63,4239.50058,0.326
SHP-0482,Berlin,52.52,13.405,Kiel,54.3233,10.1228,2954,9.85,189.33,295.76,774.98,873.6750400000001,0.887
SHP-0483,Berlin,52.52,13.405,Cologne,50.9375,6.9603,11391,41.51,245.13,477.26,1553.88,5436.4686599999995,0.286
SHP-0484,Cologne,50.9375,6.9603,Munich,48.1371,11.5761,9494,43.42,349.39,455.8,1535.58,4327.3652,0.355
SHP-0485,Frankfurt,50.1109,8.6821,Cologne,50.9375,6.9603,6928,25.18,326.55,152.52,958.69,1056.65856,0.907
SHP-0486,Berlin,52.52,13.405,Cologne,50.9375,6.9603,6305,20.49,365.66,477.26,1404.06,3009.1243,0.467
SHP-0487,Berlin,52.52,13.405,Hamburg,53.5511,9.9937,10450,46.74,227.45,255.25,1183.0,2667.3624999999997,0.444
SHP-0488,Cologne,50.9375,6.9603,Kiel,54.3233,10.1228,3380,11.51,292.94,432.67,1098.88,1462.4246,0.751
SHP-0489,Frankfurt,50.1109,8.6821,Cologne,50.9375,6.9603,727,2.81,197.86,152.52,467.3,110.88204,4.214
SHP-0490,Kiel,54.3233,10.1228,Munich,48.1371,11.5761,8926,34.24,167.09,695.24,1621.4,6205.71224,0.261
SHP-0491,Cologne,50.9375,6.9603,Kiel,54.3233,10.1228,4334,14.37,168.03,432.67,1012.41,1875.1917799999999,0.54
SHP-0492,Munich,48.1371,11.5761,Berlin,52.52,13.405,8222,27.89,199.75,504.31,1361.94,4146.43682,0.328
SHP-0493,Kiel,54.3233,10.1228,Berlin,52.52,13.405,3677,13.89,395.09,295.76,1045.91,1087.50952,0.962
SHP-0494,Munich,48.1371,11.5761,Frankfurt,50.1109,8.6821,11662,53.74,250.9,304.12,1342.82,3546.64744,0.379
SHP-0495,Frankfurt,50.1109,8.6821,Munich,48.1371,11.5761,4485,17.27,216.07,304.12,901.9,1363.9782,0.661
SHP-0496,Frankfurt,50.1109,8.6821,Cologne,50.9375,6.9603,7753,27.45,322.44,152.52,1000.29,1182.48756,0.846
SHP-0497,Kiel,54.3233,10.1228,Hamburg,53.5511,9.9937,1369,3.99,224.32,86.28,443.86,118.11732,3.758
SHP-0498,Hamburg,53.5511,9.9937,Berlin,52.52,13.405,1559,5.51,310.41,255.25,778.02,397.93475,1.955
SHP-0499,Frankfurt,50.1109,8.6821,Hamburg,53.5511,9.9937,8274,27.04,302.5,392.99,1330.32,3251.59926,0.409
SHP-0500,Kiel,54.3233,10.1228,Berlin,52.52,13.405,523,2.31,179.27,295.76,627.57,154.68248,4.057
