Shipment_ID,Origin,Origin_Lat,Origin_Lon,Destination,Dest_Lat,Dest_Lon,Weight_KG,Volume_M3,Base_Rate_EUR
SHP-0001,Hamburg,53.5511,9.9937,Berlin,52.52,13.405,7384,33.05,189
SHP-0002,Cologne,50.9375,6.9603,Berlin,52.52,13.405,2142,7.2,164.1
SHP-0003,Cologne,50.9375,6.9603,Munich,48.1371,11.5761,3998,14.34,257.99
SHP-0004,Kiel,54.3233,10.1228,Berlin,52.52,13.405,1036,2.99,208.19
SHP-0005,Hamburg,53.5511,9.9937,Berlin,52.52,13.405,7312,35.33,301.89
SHP-0006,Kiel,54.3233,10.1228,Frankfurt,50.1109,8.6821,11335,39.84,246.35
SHP-0007,Hamburg,53.5511,9.9937,Frankfurt,50.1109,8.6821,1903,6.94,158.6
SHP-0008,Cologne,50.9375,6.9603,Munich,48.1371,11.5761,9186,34.83,201.99
SHP-0009,Hamburg,53.5511,9.9937,Kiel,54.3233,10.1228,5672,21.88,381.66
SHP-0010,Cologne,50.9375,6.9603,Munich,48.1371,11.5761,10212,32.72,284.92
SHP-0011,Kiel,54.3233,10.1228,Munich,48.1371,11.5761,3907,17.38,153.91
SHP-0012,Berlin,52.52,13.405,Cologne,50.9375,6.9603,2786,9.08,347.54
SHP-0013,Hamburg,53.5511,9.9937,Frankfurt,50.1109,8.6821,1832,5.56,305.82
SHP-0014,Kiel,54.3233,10.1228,Cologne,50.9375,6.9603,8191,27.31,297.82
SHP-0015,Berlin,52.52,13.405,Frankfurt,50.1109,8.6821,1875,6.11,340.2
SHP-0016,Kiel,54.3233,10.1228,Frankfurt,50.1109,8.6821,1775,6.68,200.43
SHP-0017,Munich,48.1371,11.5761,Cologne,50.9375,6.9603,3366,12.87,338.89
SHP-0018,Berlin,52.52,13.405,Hamburg,53.5511,9.9937,8490,25.57,306.09
SHP-0019,Frankfurt,50.1109,8.6821,Munich,48.1371,11.5761,9742,42.73,373.14
SHP-0020,Cologne,50.9375,6.9603,Frankfurt,50.1109,8.6821,10928,45.38,311.92
SHP-0021,Berlin,52.52,13.405,Munich,48.1371,11.5761,579,2.09,254.35
SHP-0022,Kiel,54.3233,10.1228,Frankfurt,50.1109,8.6821,3307,14.68,204.69
SHP-0023,Munich,48.1371,11.5761,Cologne,50.9375,6.9603,3420,14.43,324.08
SHP-0024,Kiel,54.3233,10.1228,Berlin,52.52,13.405,924,3.17,275.67
SHP-0025,Berlin,52.52,13.405,Munich,48.1371,11.5761,3254,14.68,272.36
SHP-0026,Hamburg,53.5511,9.9937,Berlin,52.52,13.405,3232,10.45,241.95
SHP-0027,Munich,48.1371,11.5761,Hamburg,53.5511,9.9937,9888,30.92,187.68
SHP-0028,Hamburg,53.5511,9.9937,Berlin,52.52,13.405,690,2.49,206.62
SHP-0029,Kiel,54.3233,10.1228,Berlin,52.52,13.405,10133,33.62,333.8
SHP-0030,Hamburg,53.5511,9.9937,Cologne,50.9375,6.9603,2511,7.23,279.16
SHP-0031,Frankfurt,50.1109,8.6821,Munich,48.1371,11.5761,6920,20.82,197.18
SHP-0032,Kiel,54.3233,10.1228,Berlin,52.52,13.405,10701,33.76,310.51
SHP-0033,Cologne,50.9375,6.9603,Kiel,54.3233,10.1228,7473,37.11,175.37
SHP-0034,Frankfurt,50.1109,8.6821,Kiel,54.3233,10.1228,4011,14.7,262.11
SHP-0035,Munich,48.1371,11.5761,Berlin,52.52,13.405,3228,12.97,336.62
SHP-0036,Kiel,54.3233,10.1228,Berlin,52.52,13.405,1577,6.18,216.3
SHP-0037,Hamburg,53.5511,9.9937,Frankfurt,50.1109,8.6821,7758,24.3,275.66
SHP-0038,Munich,48.1371,11.5761,Berlin,52.52,13.405,3728,18.31,311.37
SHP-0039,Munich,48.1371,11.5761,Kiel,54.3233,10.1228,3714,11.17,336.93
SHP-0040,Munich,48.1371,11.5761,Frankfurt,50.1109,8.6821,7081,20.4,168.84
SHP-0041,Berlin,52.52,13.405,Hamburg,53.5511,9.9937,4144,18.38,289.2
SHP-0042,Hamburg,53.5511,9.9937,Frankfurt,50.1109,8.6821,2902,9.65,239.66
SHP-0043,Kiel,54.3233,10.1228,Hamburg,53.5511,9.9937,10259,46.53,327.23
SHP-0044,Frankfurt,50.1109,8.6821,Hamburg,53.5511,9.9937,3446,11.81,170.4
SHP-0045,Munich,48.1371,11.5761,Berlin,52.52,13.405,8572,26.84,372.5
SHP-0046,Kiel,54.3233,10.1228,Hamburg,53.5511,9.9937,913,3.38,285.66
SHP-0047,Munich,48.1371,11.5761,Hamburg,53.5511,9.9937,929,2.87,240.05
SHP-0048,Munich,48.1371,11.5761,Berlin,52.52,13.405,2981,10.16,171.34
SHP-0049,Kiel,54.3233,10.1228,Hamburg,53.5511,9.9937,7830,25.35,393.96
SHP-0050,Kiel,54.3233,10.1228,Hamburg,53.5511,9.9937,5086,19.19,336.01
SHP-0051,Munich,48.1371,11.5761,Frankfurt,50.1109,8.6821,10113,33.22,252.24
SHP-0052,Frankfurt,50.1109,8.6821,Cologne,50.9375,6.9603,3257,15.21,195.72
SHP-0053,Berlin,52.52,13.405,Munich,48.1371,11.5761,8056,30.36,332.51
SHP-0054,Cologne,50.9375,6.9603,Hamburg,53.5511,9.9937,1881,7.49,172.95
SHP-0055,Cologne,50.9375,6.9603,Munich,48.1371,11.5761,6153,22.7,193.3
SHP-0056,Hamburg,53.5511,9.9937,Frankfurt,50.1109,8.6821,11415,34.28,215.22
SHP-0057,Hamburg,53.5511,9.9937,Frankfurt,50.1109,8.6821,10349,34.63,190.73
SHP-0058,Cologne,50.9375,6.9603,Kiel,54.3233,10.1228,7117,27.56,310.82
SHP-0059,Berlin,52.52,13.405,Kiel,54.3233,10.1228,7698,23.83,312.87
SHP-0060,Kiel,54.3233,10.1228,Berlin,52.52,13.405,1658,8.18,173.61
SHP-0061,Kiel,54.3233,10.1228,Frankfurt,50.1109,8.6821,8338,33.21,215.17
SHP-0062,Munich,48.1371,11.5761,Kiel,54.3233,10.1228,11271,54.75,254.49
SHP-0063,Munich,48.1371,11.5761,Kiel,54.3233,10.1228,9132,28.45,397.63
SHP-0064,Kiel,54.3233,10.1228,Cologne,50.9375,6.9603,4419,13.01,364.6
SHP-0065,Berlin,52.52,13.405,Frankfurt,50.1109,8.6821,1685,5.02,276.31
SHP-0066,Berlin,52.52,13.405,Kiel,54.3233,10.1228,1115,3.24,361.79
SHP-0067,Kiel,54.3233,10.1228,Cologne,50.9375,6.9603,6048,22.08,170.82
SHP-0068,Kiel,54.3233,10.1228,Berlin,52.52,13.405,8233,26.32,347.89
SHP-0069,Frankfurt,50.1109,8.6821,Munich,48.1371,11.5761,1161,4.11,260.38
SHP-0070,Frankfurt,50.1109,8.6821,Hamburg,53.5511,9.9937,2144,6.82,304.55
SHP-0071,Munich,48.1371,11.5761,Hamburg,53.5511,9.9937,9951,32.53,170.34
SHP-0072,Berlin,52.52,13.405,Kiel,54.3233,10.1228,10624,45.11,376.92
SHP-0073,Hamburg,53.5511,9.9937,Munich,48.1371,11.5761,1460,4.61,289.6
SHP-0074,Frankfurt,50.1109,8.6821,Hamburg,53.5511,9.9937,5496,23.09,251.3
SHP-0075,Cologne,50.9375,6.9603,Munich,48.1371,11.5761,7965,25.54,295.84
SHP-0076,Berlin,52.52,13.405,Frankfurt,50.1109,8.6821,10488,44.91,390.81
SHP-0077,Berlin,52.52,13.405,Munich,48.1371,11.5761,4210,20.39,381.16
SHP-0078,Berlin,52.52,13.405,Hamburg,53.5511,9.9937,11646,41.82,307.35
SHP-0079,Frankfurt,50.1109,8.6821,Munich,48.1371,11.5761,4918,15.84,378.81
SHP-0080,Munich,48.1371,11.5761,Kiel,54.3233,10.1228,2451,8.25,247.07
SHP-0081,Cologne,50.9375,6.9603,Munich,48.1371,11.5761,3489,13.02,158.08
SHP-0082,Munich,48.1371,11.5761,Berlin,52.52,13.405,3616,16.44,169.05
SHP-0083,Cologne,50.9375,6.9603,Frankfurt,50.1109,8.6821,11070,52.12,369.17
SHP-0084,Frankfurt,50.1109,8.6821,Berlin,52.52,13.405,4829,15.02,396.82
SHP-0085,Cologne,50.9375,6.9603,Frankfurt,50.1109,8.6821,5019,15.47,292.27
SHP-0086,Cologne,50.9375,6.9603,Frankfurt,50.1109,8.6821,3644,17.48,366.18
SHP-0087,Frankfurt,50.1109,8.6821,Berlin,52.52,13.405,11001,38.23,331.53
SHP-0088,Cologne,50.9375,6.9603,Frankfurt,50.1109,8.6821,5681,25.9,388.51
SHP-0089,Kiel,54.3233,10.1228,Munich,48.1371,11.5761,9205,44.46,217.17
SHP-0090,Hamburg,53.5511,9.9937,Munich,48.1371,11.5761,10060,40.87,354.1
SHP-0091,Munich,48.1371,11.5761,Hamburg,53.5511,9.9937,5140,23.35,157.2
SHP-0092,Munich,48.1371,11.5761,Hamburg,53.5511,9.9937,2949,13.38,153.64
SHP-0093,Hamburg,53.5511,9.9937,Munich,48.1371,11.5761,6880,32.2,331.6
SHP-0094,Cologne,50.9375,6.9603,Berlin,52.52,13.405,3926,14.09,324.41
SHP-0095,Munich,48.1371,11.5761,Kiel,54.3233,10.1228,9342,44.5,161.47
SHP-0096,Munich,48.1371,11.5761,Frankfurt,50.1109,8.6821,7784,32.98,168.97
SHP-0097,Frankfurt,50.1109,8.6821,Cologne,50.9375,6.9603,10554,38.06,393.28
SHP-0098,Kiel,54.3233,10.1228,Hamburg,53.5511,9.9937,2442,10.1,194.25
SHP-0099,Munich,48.1371,11.5761,Berlin,52.52,13.405,2872,11.28,275.85
SHP-0100,Kiel,54.3233,10.1228,Frankfurt,50.1109,8.6821,6033,19.9,277.91
SHP-0101,Frankfurt,50.1109,8.6821,Kiel,54.3233,10.1228,9771,31.29,196.13
SHP-0102,Hamburg,53.5511,9.9937,Cologne,50.9375,6.9603,5819,18.64,159.17
SHP-0103,Hamburg,53.5511,9.9937,Berlin,52.52,13.405,9120,44.58,366.8
SHP-0104,Hamburg,53.5511,9.9937,Berlin,52.52,13.405,3596,14.01,155.02
SHP-0105,Cologne,50.9375,6.9603,Frankfurt,50.1109,8.6821,6656,28.33,235.73
SHP-0106,Cologne,50.9375,6.9603,Kiel,54.3233,10.1228,6232,29.25,284.28
SHP-0107,Cologne,50.9375,6.9603,Kiel,54.3233,10.1228,3763,14.79,311.48
SHP-0108,Kiel,54.3233,10.1228,Hamburg,53.5511,9.9937,4299,12.64,151.88
SHP-0109,Hamburg,53.5511,9.9937,Kiel,54.3233,10.1228,3778,16.72,374.19
SHP-0110,Frankfurt,50.1109,8.6821,Berlin,52.52,13.405,11968,35.78,294
SHP-0111,Hamburg,53.5511,9.9937,Cologne,50.9375,6.9603,3465,15.36,317.16
SHP-0112,Kiel,54.3233,10.1228,Cologne,50.9375,6.9603,5981,18.36,201.27
SHP-0113,Cologne,50.9375,6.9603,Kiel,54.3233,10.1228,3287,15.13,302.66
SHP-0114,Frankfurt,50.1109,8.6821,Hamburg,53.5511,9.9937,6033,21.56,162.96
SHP-0115,Frankfurt,50.1109,8.6821,Cologne,50.9375,6.9603,11884,47.85,352.47
SHP-0116,Berlin,52.52,13.405,Munich,48.1371,11.5761,7349,27.14,252.96
SHP-0117,Frankfurt,50.1109,8.6821,Munich,48.1371,11.5761,11597,53.04,332.72
SHP-0118,Cologne,50.9375,6.9603,Kiel,54.3233,10.1228,11154,36.19,162.02
SHP-0119,Kiel,54.3233,10.1228,Berlin,52.52,13.405,9694,29.94,196.6
SHP-0120,Hamburg,53.5511,9.9937,Cologne,50.9375,6.9603,4626,13.95,248.11
SHP-0121,Cologne,50.9375,6.9603,Frankfurt,50.1109,8.6821,9097,33.03,208.05
SHP-0122,Munich,48.1371,11.5761,Frankfurt,50.1109,8.6821,3133,11.13,257.88
SHP-0123,Hamburg,53.5511,9.9937,Cologne,50.9375,6.9603,2417,7.28,273.86
SHP-0124,Cologne,50.9375,6.9603,Berlin,52.52,13.405,9152,29.9,344.64
SHP-0125,Kiel,54.3233,10.1228,Munich,48.1371,11.5761,6180,19.73,175.73
SHP-0126,Berlin,52.52,13.405,Kiel,54.3233,10.1228,6708,24.58,252.24
SHP-0127,Kiel,54.3233,10.1228,Hamburg,53.5511,9.9937,8480,30.13,212.95
SHP-0128,Hamburg,53.5511,9.9937,Kiel,54.3233,10.1228,4439,18.96,255.9
SHP-0129,Cologne,50.9375,6.9603,Hamburg,53.5511,9.9937,2099,9.76,214
SHP-0130,Cologne,50.9375,6.9603,Berlin,52.52,13.405,764,2.57,342.81
SHP-0131,Frankfurt,50.1109,8.6821,Cologne,50.9375,6.9603,1698,5.21,377.67
SHP-0132,Frankfurt,50.1109,8.6821,Munich,48.1371,11.5761,2642,8.11,233.04
SHP-0133,Berlin,52.52,13.405,Hamburg,53.5511,9.9937,4862,15.6,201.39
SHP-0134,Frankfurt,50.1109,8.6821,Munich,48.1371,11.5761,5078,18.1,379.96
SHP-0135,Frankfurt,50.1109,8.6821,Hamburg,53.5511,9.9937,5700,24.39,263.11
SHP-0136,Frankfurt,50.1109,8.6821,Cologne,50.9375,6.9603,11020,43.32,295.15
SHP-0137,Munich,48.1371,11.5761,Hamburg,53.5511,9.9937,6424,18.55,264.75
SHP-0138,Cologne,50.9375,6.9603,Berlin,52.52,13.405,6275,21.69,166.77
SHP-0139,Hamburg,53.5511,9.9937,Berlin,52.52,13.405,2859,12.51,159.14
SHP-0140,Cologne,50.9375,6.9603,Frankfurt,50.1109,8.6821,8711,31.21,283.61
SHP-0141,Munich,48.1371,11.5761,Kiel,54.3233,10.1228,2285,10.05,365.45
SHP-0142,Hamburg,53.5511,9.9937,Frankfurt,50.1109,8.6821,6555,20.48,394.73
SHP-0143,Kiel,54.3233,10.1228,Munich,48.1371,11.5761,3052,13.01,317.97
SHP-0144,Berlin,52.52,13.405,Frankfurt,50.1109,8.6821,10705,37.76,330.2
SHP-0145,Cologne,50.9375,6.9603,Berlin,52.52,13.405,2857,11.71,374.08
SHP-0146,Kiel,54.3233,10.1228,Frankfurt,50.1109,8.6821,1911,5.77,310.73
SHP-0147,Cologne,50.9375,6.9603,Frankfurt,50.1109,8.6821,4430,18.54,244.92
SHP-0148,Munich,48.1371,11.5761,Berlin,52.52,13.405,9399,36.94,365.27
SHP-0149,Hamburg,53.5511,9.9937,Kiel,54.3233,10.1228,2111,6.39,271.86
SHP-0150,Frankfurt,50.1109,8.6821,Cologne,50.9375,6.9603,3589,12.76,308.37
SHP-0151,Kiel,54.3233,10.1228,Cologne,50.9375,6.9603,10856,35.75,320.8
SHP-0152,Munich,48.1371,11.5761,Cologne,50.9375,6.9603,7129,29.57,288.54
SHP-0153,Cologne,50.9375,6.9603,Kiel,54.3233,10.1228,626,2.84,375
SHP-0154,Hamburg,53.5511,9.9937,Cologne,50.9375,6.9603,7780,28.38,293.32
SHP-0155,Frankfurt,50.1109,8.6821,Munich,48.1371,11.5761,5353,21.15,389.66
SHP-0156,Frankfurt,50.1109,8.6821,Berlin,52.52,13.405,1284,3.94,259.3
SHP-0157,Cologne,50.9375,6.9603,Berlin,52.52,13.405,7013,25.84,315.92
SHP-0158,Munich,48.1371,11.5761,Berlin,52.52,13.405,858,3.58,298.77
SHP-0159,Frankfurt,50.1109,8.6821,Cologne,50.9375,6.9603,2278,7.76,268.56
SHP-0160,Berlin,52.52,13.405,Munich,48.1371,11.5761,6198,20.44,258.71
SHP-0161,Cologne,50.9375,6.9603,Frankfurt,50.1109,8.6821,8489,35.25,297.56
SHP-0162,Berlin,52.52,13.405,Hamburg,53.5511,9.9937,11564,36.31,322.64
SHP-0163,Kiel,54.3233,10.1228,Cologne,50.9375,6.9603,7847,25,331.03
SHP-0164,Munich,48.1371,11.5761,Frankfurt,50.1109,8.6821,3043,8.74,386.01
SHP-0165,Frankfurt,50.1109,8.6821,Cologne,50.9375,6.9603,5941,24.06,180.13
SHP-0166,Cologne,50.9375,6.9603,Kiel,54.3233,10.1228,11359,41.89,365.51
SHP-0167,Frankfurt,50.1109,8.6821,Hamburg,53.5511,9.9937,925,3.2,207.5
SHP-0168,Kiel,54.3233,10.1228,Hamburg,53.5511,9.9937,6598,24.79,251.12
SHP-0169,Munich,48.1371,11.5761,Cologne,50.9375,6.9603,8985,32.32,256.7
SHP-0170,Hamburg,53.5511,9.9937,Cologne,50.9375,6.9603,11888,59.43,196.37
SHP-0171,Hamburg,53.5511,9.9937,Kiel,54.3233,10.1228,4533,14.39,250.48
SHP-0172,Berlin,52.52,13.405,Kiel,54.3233,10.1228,9335,35.54,255.34
SHP-0173,Frankfurt,50.1109,8.6821,Munich,48.1371,11.5761,5874,24.02,363.21
SHP-0174,Kiel,54.3233,10.1228,Munich,48.1371,11.5761,11858,44.89,246.08
SHP-0175,Cologne,50.9375,6.9603,Hamburg,53.5511,9.9937,9542,44.71,254.4
SHP-0176,Cologne,50.9375,6.9603,Frankfurt,50.1109,8.6821,2420,6.94,207.92
SHP-0177,Kiel,54.3233,10.1228,Hamburg,53.5511,9.9937,10052,46.1,161.74
SHP-0178,Munich,48.1371,11.5761,Cologne,50.9375,6.9603,9465,37.48,164.46
SHP-0179,Frankfurt,50.1109,8.6821,Cologne,50.9375,6.9603,2499,9.63,339.56
SHP-0180,Cologne,50.9375,6.9603,Berlin,52.52,13.405,5828,19.86,336.97
SHP-0181,Munich,48.1371,11.5761,Cologne,50.9375,6.9603,1552,4.68,216.4
SHP-0182,Berlin,52.52,13.405,Kiel,54.3233,10.1228,10300,50.17,232.26
SHP-0183,Kiel,54.3233,10.1228,Berlin,52.52,13.405,5197,20.31,214.94
SHP-0184,Munich,48.1371,11.5761,Hamburg,53.5511,9.9937,3032,10.02,169.03
SHP-0185,Munich,48.1371,11.5761,Cologne,50.9375,6.9603,6434,19.15,292.83
SHP-0186,Kiel,54.3233,10.1228,Cologne,50.9375,6.9603,10604,33.18,314.61
SHP-0187,Berlin,52.52,13.405,Frankfurt,50.1109,8.6821,10125,33.24,320.04
SHP-0188,Berlin,52.52,13.405,Cologne,50.9375,6.9603,11555,42.82,369.77
SHP-0189,Cologne,50.9375,6.9603,Hamburg,53.5511,9.9937,9050,40.38,354.49
SHP-0190,Frankfurt,50.1109,8.6821,Berlin,52.52,13.405,3800,12.99,395.3
SHP-0191,Cologne,50.9375,6.9603,Munich,48.1371,11.5761,1977,8.15,154.61
SHP-0192,Kiel,54.3233,10.1228,Cologne,50.9375,6.9603,9167,28.8,193.44
SHP-0193,Hamburg,53.5511,9.9937,Cologne,50.9375,6.9603,8643,41.14,295.54
SHP-0194,Kiel,54.3233,10.1228,Cologne,50.9375,6.9603,10522,30.41,392.22
SHP-0195,Kiel,54.3233,10.1228,Berlin,52.52,13.405,782,3.85,230.9
SHP-0196,Hamburg,53.5511,9.9937,Frankfurt,50.1109,8.6821,2327,8.61,386.08
SHP-0197,Berlin,52.52,13.405,Frankfurt,50.1109,8.6821,9640,31.71,205.19
SHP-0198,Cologne,50.9375,6.9603,Hamburg,53.5511,9.9937,10482,30.43,157.83
SHP-0199,Berlin,52.52,13.405,Frankfurt,50.1109,8.6821,11591,36.91,260.57
SHP-0200,Kiel,54.3233,10.1228,Cologne,50.9375,6.9603,9077,39.46,367.03
SHP-0201,Hamburg,53.5511,9.9937,Cologne,50.9375,6.9603,2331,10.11,172.79
SHP-0202,Cologne,50.9375,6.9603,Hamburg,53.5511,9.9937,9663,39.58,377.96
SHP-0203,Cologne,50.9375,6.9603,Hamburg,53.5511,9.9937,6037,27.74,181.3
SHP-0204,Munich,48.1371,11.5761,Berlin,52.52,13.405,3093,13.8,312.88
SHP-0205,Hamburg,53.5511,9.9937,Frankfurt,50.1109,8.6821,5735,28.43,168.11
SHP-0206,Kiel,54.3233,10.1228,Cologne,50.9375,6.9603,11455,34.07,331.07
SHP-0207,Kiel,54.3233,10.1228,Berlin,52.52,13.405,2138,7.78,304.54
SHP-0208,Cologne,50.9375,6.9603,Munich,48.1371,11.5761,1332,4.75,370.63
SHP-0209,Frankfurt,50.1109,8.6821,Munich,48.1371,11.5761,4204,12.13,200.21
SHP-0210,Hamburg,53.5511,9.9937,Frankfurt,50.1109,8.6821,2426,11.25,309.11
SHP-0211,Cologne,50.9375,6.9603,Frankfurt,50.1109,8.6821,7590,26,224.71
SHP-0212,Hamburg,53.5511,9.9937,Munich,48.1371,11.5761,4403,13.66,170.03
SHP-0213,Hamburg,53.5511,9.9937,Munich,48.1371,11.5761,5701,19.23,281.6
SHP-0214,Hamburg,53.5511,9.9937,Cologne,50.9375,6.9603,3341,14.92,367.95
SHP-0215,Hamburg,53.5511,9.9937,Frankfurt,50.1109,8.6821,9059,27.39,258.41
SHP-0216,Hamburg,53.5511,9.9937,Kiel,54.3233,10.1228,8012,32.07,285.62
SHP-0217,Cologne,50.9375,6.9603,Hamburg,53.5511,9.9937,8322,39.47,157.66
SHP-0218,Munich,48.1371,11.5761,Cologne,50.9375,6.9603,8862,28.46,256.37
SHP-0219,Hamburg,53.5511,9.9937,Munich,48.1371,11.5761,6305,22.4,278.5
SHP-0220,Munich,48.1371,11.5761,Cologne,50.9375,6.9603,6096,18.42,375.18
SHP-0221,Hamburg,53.5511,9.9937,Cologne,50.9375,6.9603,10992,47.46,305.74
SHP-0222,Kiel,54.3233,10.1228,Frankfurt,50.1109,8.6821,5161,17.78,308.14
SHP-0223,Cologne,50.9375,6.9603,Frankfurt,50.1109,8.6821,1295,4.88,174.35
SHP-0224,Munich,48.1371,11.5761,Kiel,54.3233,10.1228,2380,9.2,392.35
SHP-0225,Kiel,54.3233,10.1228,Cologne,50.9375,6.9603,7266,25.07,249.16
SHP-0226,Hamburg,53.5511,9.9937,Frankfurt,50.1109,8.6821,4305,16.1,317.35
SHP-0227,Frankfurt,50.1109,8.6821,Berlin,52.52,13.405,8627,38.33,191.9
SHP-0228,Berlin,52.52,13.405,Frankfurt,50.1109,8.6821,6635,20.91,326.35
SHP-0229,Cologne,50.9375,6.9603,Berlin,52.52,13.405,3602,17.27,282.79
SHP-0230,Cologne,50.9375,6.9603,Munich,48.1371,11.5761,3084,13.59,172.14
SHP-0231,Cologne,50.9375,6.9603,Frankfurt,50.1109,8.6821,2205,6.34,391.28
SHP-0232,Kiel,54.3233,10.1228,Frankfurt,50.1109,8.6821,10481,39.08,278.9
SHP-0233,Hamburg,53.5511,9.9937,Cologne,50.9375,6.9603,2026,9.15,384.95
SHP-0234,Cologne,50.9375,6.9603,Munich,48.1371,11.5761,8234,30.89,367.04
SHP-0235,Cologne,50.9375,6.9603,Frankfurt,50.1109,8.6821,11363,37.57,274.29
SHP-0236,Kiel,54.3233,10.1228,Cologne,50.9375,6.9603,9337,43.03,348.88
SHP-0237,Berlin,52.52,13.405,Kiel,54.3233,10.1228,8077,31.18,312.81
SHP-0238,Hamburg,53.5511,9.9937,Munich,48.1371,11.5761,1054,3.04,251.73
SHP-0239,Berlin,52.52,13.405,Munich,48.1371,11.5761,8992,27.1,251.04
SHP-0240,Hamburg,53.5511,9.9937,Cologne,50.9375,6.9603,10865,32.76,229.3
SHP-0241,Frankfurt,50.1109,8.6821,Kiel,54.3233,10.1228,7964,31.95,307.55
SHP-0242,Kiel,54.3233,10.1228,Frankfurt,50.1109,8.6821,7359,26.11,261.1
SHP-0243,Hamburg,53.5511,9.9937,Cologne,50.9375,6.9603,8184,27.94,265.87
SHP-0244,Hamburg,53.5511,9.9937,Kiel,54.3233,10.1228,11013,34.19,177.23
SHP-0245,Kiel,54.3233,10.1228,Munich,48.1371,11.5761,6636,22.79,341.22
SHP-0246,Cologne,50.9375,6.9603,Hamburg,53.5511,9.9937,709,3.09,151.89
SHP-0247,Kiel,54.3233,10.1228,Berlin,52.52,13.405,11160,53.39,383.61
SHP-0248,Cologne,50.9375,6.9603,Hamburg,53.5511,9.9937,7599,27.29,317.52
SHP-0249,Hamburg,53.5511,9.9937,Kiel,54.3233,10.1228,8752,33.66,394.18
SHP-0250,Frankfurt,50.1109,8.6821,Cologne,50.9375,6.9603,8332,36.67,281.29
SHP-0251,Frankfurt,50.1109,8.6821,Munich,48.1371,11.5761,11573,42.46,351.5
SHP-0252,Munich,48.1371,11.5761,Berlin,52.52,13.405,1791,8.94,309.5
SHP-0253,Munich,48.1371,11.5761,Kiel,54.3233,10.1228,7935,35.08,240.19
SHP-0254,Frankfurt,50.1109,8.6821,Cologne,50.9375,6.9603,3973,12.82,362.79
SHP-0255,Cologne,50.9375,6.9603,Frankfurt,50.1109,8.6821,2221,8.43,188.25
SHP-0256,Cologne,50.9375,6.9603,Kiel,54.3233,10.1228,2992,13.96,155.91
SHP-0257,Hamburg,53.5511,9.9937,Berlin,52.52,13.405,3454,11.72,164.61
SHP-0258,Cologne,50.9375,6.9603,Kiel,54.3233,10.1228,8494,32.59,257.05
SHP-0259,Cologne,50.9375,6.9603,Berlin,52.52,13.405,1976,9.16,331.08
SHP-0260,Frankfurt,50.1109,8.6821,Munich,48.1371,11.5761,7351,28.25,241.74
SHP-0261,Berlin,52.52,13.405,Frankfurt,50.1109,8.6821,10066,33.5,167.48
SHP-0262,Hamburg,53.5511,9.9937,Frankfurt,50.1109,8.6821,4229,16.92,317.37
SHP-0263,Kiel,54.3233,10.1228,Munich,48.1371,11.5761,8902,33,165.04
SHP-0264,Cologne,50.9375,6.9603,Munich,48.1371,11.5761,7802,24.91,192.62
SHP-0265,Frankfurt,50.1109,8.6821,Kiel,54.3233,10.1228,8146,25.51,381.79
SHP-0266,Kiel,54.3233,10.1228,Hamburg,53.5511,9.9937,8977,28.47,210.91
SHP-0267,Hamburg,53.5511,9.9937,Munich,48.1371,11.5761,1524,4.86,181.93
SHP-0268,Munich,48.1371,11.5761,Cologne,50.9375,6.9603,1852,7.91,235.42
SHP-0269,Frankfurt,50.1109,8.6821,Kiel,54.3233,10.1228,6868,27.94,249.25
SHP-0270,Hamburg,53.5511,9.9937,Cologne,50.9375,6.9603,11073,40.33,398.04
SHP-0271,Kiel,54.3233,10.1228,Hamburg,53.5511,9.9937,1838,5.7,245.16
SHP-0272,Hamburg,53.5511,9.9937,Kiel,54.3233,10.1228,9915,39.92,155.72
SHP-0273,Hamburg,53.5511,9.9937,Frankfurt,50.1109,8.6821,11719,39.57,355.62
SHP-0274,Munich,48.1371,11.5761,Frankfurt,50.1109,8.6821,7473,33.83,374.57
SHP-0275,Berlin,52.52,13.405,Hamburg,53.5511,9.9937,5084,22.91,241.88
SHP-0276,Kiel,54.3233,10.1228,Munich,48.1371,11.5761,11575,40.98,391.46
SHP-0277,Hamburg,53.5511,9.9937,Kiel,54.3233,10.1228,5554,25.73,310.21
SHP-0278,Hamburg,53.5511,9.9937,Kiel,54.3233,10.1228,4695,18.2,291.11
SHP-0279,Frankfurt,50.1109,8.6821,Munich,48.1371,11.5761,11940,57.22,323.76
SHP-0280,Berlin,52.52,13.405,Frankfurt,50.1109,8.6821,1895,7.72,175.26
SHP-0281,Cologne,50.9375,6.9603,Berlin,52.52,13.405,9860,33.73,226.56
SHP-0282,Munich,48.1371,11.5761,Hamburg,53.5511,9.9937,8829,27.69,251.2
SHP-0283,Hamburg,53.5511,9.9937,Berlin,52.52,13.405,6038,26.65,246.77
SHP-0284,Frankfurt,50.1109,8.6821,Hamburg,53.5511,9.9937,720,3.01,340.07
SHP-0285,Kiel,54.3233,10.1228,Munich,48.1371,11.5761,10094,34.29,199.71
SHP-0286,Berlin,52.52,13.405,Munich,48.1371,11.5761,3557,11.98,274.83
SHP-0287,Hamburg,53.5511,9.9937,Munich,48.1371,11.5761,3299,11.08,352.67
SHP-0288,Kiel,54.3233,10.1228,Munich,48.1371,11.5761,9527,28.54,388.83
SHP-0289,Munich,48.1371,11.5761,Berlin,52.52,13.405,5532,23.22,360.22
SHP-0290,Munich,48.1371,11.5761,Kiel,54.3233,10.1228,7827,26.19,373.78
SHP-0291,Cologne,50.9375,6.9603,Berlin,52.52,13.405,10648,49.33,397.07
SHP-0292,Berlin,52.52,13.405,Munich,48.1371,11.5761,8737,41.44,167.81
SHP-0293,Munich,48.1371,11.5761,Berlin,52.52,13.405,4562,18.66,237.43
SHP-0294,Berlin,52.52,13.405,Hamburg,53.5511,9.9937,5239,18.55,357.63
SHP-0295,Cologne,50.9375,6.9603,Kiel,54.3233,10.1228,9346,31.82,245.48
SHP-0296,Frankfurt,50.1109,8.6821,Cologne,50.9375,6.9603,9408,31.72,282.58
SHP-0297,Munich,48.1371,11.5761,Frankfurt,50.1109,8.6821,3867,11.14,300.47
SHP-0298,Hamburg,53.5511,9.9937,Kiel,54.3233,10.1228,4390,12.94,206.15
SHP-0299,Cologne,50.9375,6.9603,Kiel,54.3233,10.1228,2382,9.88,382.08
SHP-0300,Cologne,50.9375,6.9603,Kiel,54.3233,10.1228,11912,39.61,229.23
SHP-0301,Cologne,50.9375,6.9603,Berlin,52.52,13.405,7814,33.51,394.6
SHP-0302,Hamburg,53.5511,9.9937,Berlin,52.52,13.405,6767,19.46,384.35
SHP-0303,Munich,48.1371,11.5761,Hamburg,53.5511,9.9937,8380,39.2,391.28
SHP-0304,Kiel,54.3233,10.1228,Cologne,50.9375,6.9603,9219,29.59,302.99
SHP-0305,Frankfurt,50.1109,8.6821,Berlin,52.52,13.405,10543,35.69,340.28
SHP-0306,Munich,48.1371,11.5761,Cologne,50.9375,6.9603,8854,25.39,174.79
SHP-0307,Frankfurt,50.1109,8.6821,Cologne,50.9375,6.9603,9037,28.04,303.74
SHP-0308,Kiel,54.3233,10.1228,Munich,48.1371,11.5761,6873,34.23,340.25
SHP-0309,Cologne,50.9375,6.9603,Munich,48.1371,11.5761,9119,29.06,319.59
SHP-0310,Frankfurt,50.1109,8.6821,Cologne,50.9375,6.9603,4931,16.63,345.1
SHP-0311,Cologne,50.9375,6.9603,Frankfurt,50.1109,8.6821,5245,17.23,150.8
SHP-0312,Berlin,52.52,13.405,Munich,48.1371,11.5761,1569,5.44,270.24
SHP-0313,Cologne,50.9375,6.9603,Berlin,52.52,13.405,3092,10.12,163.2
SHP-0314,Hamburg,53.5511,9.9937,Cologne,50.9375,6.9603,9988,36.35,169.26
SHP-0315,Hamburg,53.5511,9.9937,Munich,48.1371,11.5761,8638,27.14,279.32
SHP-0316,Kiel,54.3233,10.1228,Hamburg,53.5511,9.9937,5491,25.74,205.15
SHP-0317,Berlin,52.52,13.405,Hamburg,53.5511,9.9937,8936,36.49,193.37
SHP-0318,Berlin,52.52,13.405,Hamburg,53.5511,9.9937,8387,24.05,336.8
SHP-0319,Cologne,50.9375,6.9603,Munich,48.1371,11.5761,7003,20.18,191.32
SHP-0320,Cologne,50.9375,6.9603,Kiel,54.3233,10.1228,3640,13.11,224.68
SHP-0321,Hamburg,53.5511,9.9937,Frankfurt,50.1109,8.6821,3093,12.06,265.43
SHP-0322,Kiel,54.3233,10.1228,Munich,48.1371,11.5761,6054,27.52,170.15
SHP-0323,Cologne,50.9375,6.9603,Kiel,54.3233,10.1228,9303,41.56,302.56
SHP-0324,Kiel,54.3233,10.1228,Berlin,52.52,13.405,654,2.7,161.15
SHP-0325,Berlin,52.52,13.405,Hamburg,53.5511,9.9937,10921,46,217.99
SHP-0326,Munich,48.1371,11.5761,Cologne,50.9375,6.9603,1251,4.58,158.4
SHP-0327,Kiel,54.3233,10.1228,Hamburg,53.5511,9.9937,4478,18.11,342.96
SHP-0328,Hamburg,53.5511,9.9937,Cologne,50.9375,6.9603,1971,5.93,248.36
SHP-0329,Munich,48.1371,11.5761,Hamburg,53.5511,9.9937,6186,17.83,186.24
SHP-0330,Kiel,54.3233,10.1228,Munich,48.1371,11.5761,4050,11.84,391.84
SHP-0331,Munich,48.1371,11.5761,Frankfurt,50.1109,8.6821,3091,13.01,362.65
SHP-0332,Berlin,52.52,13.405,Munich,48.1371,11.5761,10391,33.69,166.92
SHP-0333,Frankfurt,50.1109,8.6821,Munich,48.1371,11.5761,3100,9.48,257.16
SHP-0334,Munich,48.1371,11.5761,Frankfurt,50.1109,8.6821,1621,4.92,265.04
SHP-0335,Hamburg,53.5511,9.9937,Berlin,52.52,13.405,1787,7.05,394.52
SHP-0336,Berlin,52.52,13.405,Cologne,50.9375,6.9603,2394,9.59,339.19
SHP-0337,Hamburg,53.5511,9.9937,Frankfurt,50.1109,8.6821,10511,44.57,262.81
SHP-0338,Cologne,50.9375,6.9603,Munich,48.1371,11.5761,6853,32.01,235.92
SHP-0339,Cologne,50.9375,6.9603,Kiel,54.3233,10.1228,4777,17.84,249.35
SHP-0340,Berlin,52.52,13.405,Frankfurt,50.1109,8.6821,2843,10.21,221.78
SHP-0341,Berlin,52.52,13.405,Munich,48.1371,11.5761,4092,13.81,198.96
SHP-0342,Hamburg,53.5511,9.9937,Munich,48.1371,11.5761,2409,8.25,240.78
SHP-0343,Frankfurt,50.1109,8.6821,Hamburg,53.5511,9.9937,7378,35.99,240.92
SHP-0344,Kiel,54.3233,10.1228,Cologne,50.9375,6.9603,11629,35.4,179.41
SHP-0345,Berlin,52.52,13.405,Frankfurt,50.1109,8.6821,1907,6.18,230.75
SHP-0346,Cologne,50.9375,6.9603,Hamburg,53.5511,9.9937,1993,6.58,173.26
SHP-0347,Cologne,50.9375,6.9603,Munich,48.1371,11.5761,1413,4.56,196.85
SHP-0348,Kiel,54.3233,10.1228,Munich,48.1371,11.5761,1773,5.65,397.02
SHP-0349,Kiel,54.3233,10.1228,Munich,48.1371,11.5761,3424,10.6,369.96
SHP-0350,Munich,48.1371,11.5761,Cologne,50.9375,6.9603,9998,46.48,209.97
SHP-0351,Cologne,50.9375,6.9603,Kiel,54.3233,10.1228,2699,9.24,258.88
SHP-0352,Frankfurt,50.1109,8.6821,Berlin,52.52,13.405,11759,39.84,181.57
SHP-0353,Cologne,50.9375,6.9603,Hamburg,53.5511,9.9937,2422,8.12,397.94
SHP-0354,Cologne,50.9375,6.9603,Kiel,54.3233,10.1228,4011,17.3,158.3
SHP-0355,Hamburg,53.5511,9.9937,Munich,48.1371,11.5761,10518,33.4,347.11
SHP-0356,Frankfurt,50.1109,8.6821,Kiel,54.3233,10.1228,8213,28.91,177.75
SHP-0357,Munich,48.1371,11.5761,Cologne,50.9375,6.9603,5246,16.38,269.77
SHP-0358,Cologne,50.9375,6.9603,Munich,48.1371,11.5761,11611,52.99,326.92
SHP-0359,Frankfurt,50.1109,8.6821,Hamburg,53.5511,9.9937,9756,48.13,390.7
SHP-0360,Berlin,52.52,13.405,Kiel,54.3233,10.1228,3737,11.29,178.15
SHP-0361,Munich,48.1371,11.5761,Berlin,52.52,13.405,1030,3.61,220.96
SHP-0362,Berlin,52.52,13.405,Frankfurt,50.1109,8.6821,3949,12.68,162.04
SHP-0363,Munich,48.1371,11.5761,Hamburg,53.5511,9.9937,4299,17.12,397.26
SHP-0364,Kiel,54.3233,10.1228,Munich,48.1371,11.5761,7202,20.62,363.92
SHP-0365,Berlin,52.52,13.405,Munich,48.1371,11.5761,6116,19.69,281.31
SHP-0366,Cologne,50.9375,6.9603,Berlin,52.52,13.405,10608,37.12,279.36
SHP-0367,Cologne,50.9375,6.9603,Hamburg,53.5511,9.9937,7422,22.23,260.85
SHP-0368,Frankfurt,50.1109,8.6821,Kiel,54.3233,10.1228,7855,26.06,182.92
SHP-0369,Cologne,50.9375,6.9603,Berlin,52.52,13.405,3520,14.62,268.22
SHP-0370,Cologne,50.9375,6.9603,Berlin,52.52,13.405,1315,5.52,240.46
SHP-0371,Hamburg,53.5511,9.9937,Cologne,50.9375,6.9603,5900,22.05,268.24
SHP-0372,Cologne,50.9375,6.9603,Berlin,52.52,13.405,2880,10.38,151.38
SHP-0373,Cologne,50.9375,6.9603,Frankfurt,50.1109,8.6821,1742,6.94,350.65
SHP-0374,Kiel,54.3233,10.1228,Frankfurt,50.1109,8.6821,3694,11.45,221.14
SHP-0375,Berlin,52.52,13.405,Kiel,54.3233,10.1228,7109,34.77,318.86
SHP-0376,Berlin,52.52,13.405,Frankfurt,50.1109,8.6821,3659,14.12,255.46
SHP-0377,Munich,48.1371,11.5761,Berlin,52.52,13.405,8257,33.77,329.61
SHP-0378,Cologne,50.9375,6.9603,Munich,48.1371,11.5761,524,1.7,357.4
SHP-0379,Kiel,54.3233,10.1228,Munich,48.1371,11.5761,8150,25.46,315.67
SHP-0380,Berlin,52.52,13.405,Frankfurt,50.1109,8.6821,5148,20.74,337.46
SHP-0381,Frankfurt,50.1109,8.6821,Munich,48.1371,11.5761,10712,36.96,275.54
SHP-0382,Frankfurt,50.1109,8.6821,Berlin,52.52,13.405,2476,8.37,335.25
SHP-0383,Hamburg,53.5511,9.9937,Kiel,54.3233,10.1228,9930,32.64,283.12
SHP-0384,Berlin,52.52,13.405,Frankfurt,50.1109,8.6821,1002,4.59,289.66
SHP-0385,Munich,48.1371,11.5761,Frankfurt,50.1109,8.6821,10296,39.51,169.4
SHP-0386,Kiel,54.3233,10.1228,Munich,48.1371,11.5761,5633,17.62,355.61
SHP-0387,Berlin,52.52,13.405,Cologne,50.9375,6.9603,1637,4.91,153.08
SHP-0388,Kiel,54.3233,10.1228,Frankfurt,50.1109,8.6821,4807,21.36,257.63
SHP-0389,Berlin,52.52,13.405,Munich,48.1371,11.5761,11386,45.37,279.31
SHP-0390,Kiel,54.3233,10.1228,Hamburg,53.5511,9.9937,1324,5.06,227.8
SHP-0391,Hamburg,53.5511,9.9937,Munich,48.1371,11.5761,3005,8.63,263.5
SHP-0392,Munich,48.1371,11.5761,Kiel,54.3233,10.1228,3127,9.02,282.98
SHP-0393,Hamburg,53.5511,9.9937,Kiel,54.3233,10.1228,855,3.31,190.01
SHP-0394,Kiel,54.3233,10.1228,Frankfurt,50.1109,8.6821,3826,11.42,179.03
SHP-0395,Kiel,54.3233,10.1228,Cologne,50.9375,6.9603,5607,16.06,286.35
SHP-0396,Hamburg,53.5511,9.9937,Berlin,52.52,13.405,4979,19.31,235.1
SHP-0397,Berlin,52.52,13.405,Munich,48.1371,11.5761,6620,29.39,211.73
SHP-0398,Hamburg,53.5511,9.9937,Cologne,50.9375,6.9603,8653,38.19,276.86
SHP-0399,Berlin,52.52,13.405,Hamburg,53.5511,9.9937,6765,30.1,295.75
SHP-0400,Frankfurt,50.1109,8.6821,Berlin,52.52,13.405,6122,23.52,398.46
SHP-0401,Munich,48.1371,11.5761,Hamburg,53.5511,9.9937,9613,35.71,332.7
SHP-0402,Munich,48.1371,11.5761,Berlin,52.52,13.405,10929,49.71,298.25
SHP-0403,Frankfurt,50.1109,8.6821,Cologne,50.9375,6.9603,10504,47.83,347.63
SHP-0404,Munich,48.1371,11.5761,Berlin,52.52,13.405,896,2.59,387.28
SHP-0405,Munich,48.1371,11.5761,Hamburg,53.5511,9.9937,3978,14.53,280.61
SHP-0406,Berlin,52.52,13.405,Frankfurt,50.1109,8.6821,7138,21.64,395.18
SHP-0407,Kiel,54.3233,10.1228,Hamburg,53.5511,9.9937,7301,22.75,269.12
SHP-0408,Berlin,52.52,13.405,Munich,48.1371,11.5761,10240,30.66,165.61
SHP-0409,Berlin,52.52,13.405,Frankfurt,50.1109,8.6821,11672,50.07,333.51
SHP-0410,Frankfurt,50.1109,8.6821,Hamburg,53.5511,9.9937,8464,38.44,224.85
SHP-0411,Kiel,54.3233,10.1228,Cologne,50.9375,6.9603,6578,20.62,397.64
SHP-0412,Frankfurt,50.1109,8.6821,Cologne,50.9375,6.9603,664,2.14,358.54
SHP-0413,Munich,48.1371,11.5761,Berlin,52.52,13.405,8073,25.64,361.48
SHP-0414,Cologne,50.9375,6.9603,Munich,48.1371,11.5761,5186,19.86,166.5
SHP-0415,Frankfurt,50.1109,8.6821,Cologne,50.9375,6.9603,8524,42.43,175.24
SHP-0416,Cologne,50.9375,6.9603,Munich,48.1371,11.5761,10183,43.09,269.56
SHP-0417,Munich,48.1371,11.5761,Frankfurt,50.1109,8.6821,3895,16.58,220.25
SHP-0418,Frankfurt,50.1109,8.6821,Cologne,50.9375,6.9603,5979,25.56,310.12
SHP-0419,Berlin,52.52,13.405,Frankfurt,50.1109,8.6821,5285,16.83,196.96
SHP-0420,Hamburg,53.5511,9.9937,Munich,48.1371,11.5761,7826,28.06,265.79
SHP-0421,Cologne,50.9375,6.9603,Berlin,52.52,13.405,6977,32.01,379.2
SHP-0422,Hamburg,53.5511,9.9937,Kiel,54.3233,10.1228,10642,32.89,330.43
SHP-0423,Berlin,52.52,13.405,Cologne,50.9375,6.9603,501,1.81,161.71
SHP-0424,Cologne,50.9375,6.9603,Frankfurt,50.1109,8.6821,543,2.29,335.23
SHP-0425,Berlin,52.52,13.405,Kiel,54.3233,10.1228,1994,7,366.64
SHP-0426,Cologne,50.9375,6.9603,Hamburg,53.5511,9.9937,5488,16.31,244.33
SHP-0427,Cologne,50.9375,6.9603,Berlin,52.52,13.405,986,3.46,382.54
SHP-0428,Cologne,50.9375,6.9603,Kiel,54.3233,10.1228,8700,29,391.51
SHP-0429,Berlin,52.52,13.405,Kiel,54.3233,10.1228,3927,18.2,345.46
SHP-0430,Kiel,54.3233,10.1228,Munich,48.1371,11.5761,6233,24.18,366.46
SHP-0431,Kiel,54.3233,10.1228,Hamburg,53.5511,9.9937,4752,22.86,341.89
SHP-0432,Frankfurt,50.1109,8.6821,Kiel,54.3233,10.1228,2937,9.84,268.07
SHP-0433,Berlin,52.52,13.405,Munich,48.1371,11.5761,7489,30.66,184.15
SHP-0434,Hamburg,53.5511,9.9937,Kiel,54.3233,10.1228,1100,3.64,267.04
SHP-0435,Berlin,52.52,13.405,Cologne,50.9375,6.9603,8168,25.25,345.5
SHP-0436,Kiel,54.3233,10.1228,Berlin,52.52,13.405,668,2.6,234.34
SHP-0437,Cologne,50.9375,6.9603,Munich,48.1371,11.5761,861,2.77,232.56
SHP-0438,Berlin,52.52,13.405,Munich,48.1371,11.5761,10592,51.36,249.41
SHP-0439,Berlin,52.52,13.405,Kiel,54.3233,10.1228,6494,18.75,181.39
SHP-0440,Hamburg,53.5511,9.9937,Kiel,54.3233,10.1228,4728,20.8,258.88
SHP-0441,Frankfurt,50.1109,8.6821,Berlin,52.52,13.405,3067,10.35,292.66
SHP-0442,Berlin,52.52,13.405,Kiel,54.3233,10.1228,10611,35.21,286.74
SHP-0443,Munich,48.1371,11.5761,Berlin,52.52,13.405,2251,6.72,327.53
SHP-0444,Frankfurt,50.1109,8.6821,Munich,48.1371,11.5761,1186,3.94,295.55
SHP-0445,Munich,48.1371,11.5761,Kiel,54.3233,10.1228,11571,54.75,241.42
SHP-0446,Hamburg,53.5511,9.9937,Cologne,50.9375,6.9603,10804,33.03,228.79
SHP-0447,Cologne,50.9375,6.9603,Berlin,52.52,13.405,7813,30.26,318.53
SHP-0448,Frankfurt,50.1109,8.6821,Berlin,52.52,13.405,4379,14.18,284.7
SHP-0449,Munich,48.1371,11.5761,Frankfurt,50.1109,8.6821,590,2,261.92
SHP-0450,Munich,48.1371,11.5761,Cologne,50.9375,6.9603,9252,36.55,387.27
SHP-0451,Hamburg,53.5511,9.9937,Munich,48.1371,11.5761,9780,36.36,286.64
SHP-0452,Kiel,54.3233,10.1228,Hamburg,53.5511,9.9937,6035,18.03,318.59
SHP-0453,Cologne,50.9375,6.9603,Frankfurt,50.1109,8.6821,5006,16.75,177.22
SHP-0454,Hamburg,53.5511,9.9937,Berlin,52.52,13.405,6509,27.95,264.74
SHP-0455,Hamburg,53.5511,9.9937,Kiel,54.3233,10.1228,7656,22.05,197.53
SHP-0456,Frankfurt,50.1109,8.6821,Berlin,52.52,13.405,8530,32.9,388.22
SHP-0457,Hamburg,53.5511,9.9937,Munich,48.1371,11.5761,4064,17.31,264.56
SHP-0458,Kiel,54.3233,10.1228,Cologne,50.9375,6.9603,10334,35.58,358.85
SHP-0459,Munich,48.1371,11.5761,Hamburg,53.5511,9.9937,7795,33.41,230.42
SHP-0460,Frankfurt,50.1109,8.6821,Cologne,50.9375,6.9603,835,3.07,315.61
SHP-0461,Cologne,50.9375,6.9603,Munich,48.1371,11.5761,11885,34.63,273.67
SHP-0462,Berlin,52.52,13.405,Frankfurt,50.1109,8.6821,5013,16.01,379.61
SHP-0463,Cologne,50.9375,6.9603,Kiel,54.3233,10.1228,9556,40.21,291.02
SHP-0464,Kiel,54.3233,10.1228,Cologne,50.9375,6.9603,10875,32.8,393.59
SHP-0465,Kiel,54.3233,10.1228,Frankfurt,50.1109,8.6821,3129,9.11,187.04
SHP-0466,Munich,48.1371,11.5761,Berlin,52.52,13.405,5521,19.24,279.17
SHP-0467,Frankfurt,50.1109,8.6821,Kiel,54.3233,10.1228,5446,16.23,361.46
SHP-0468,Hamburg,53.5511,9.9937,Frankfurt,50.1109,8.6821,10722,38.07,201.12
SHP-0469,Kiel,54.3233,10.1228,Berlin,52.52,13.405,2881,13.68,167.25
SHP-0470,Berlin,52.52,13.405,Frankfurt,50.1109,8.6821,9825,30.2,233.05
SHP-0471,Hamburg,53.5511,9.9937,Munich,48.1371,11.5761,2243,6.77,284.77
SHP-0472,Kiel,54.3233,10.1228,Berlin,52.52,13.405,6787,24.26,297.61
SHP-0473,Kiel,54.3233,10.1228,Munich,48.1371,11.5761,3100,12.62,225.99
SHP-0474,Hamburg,53.5511,9.9937,Frankfurt,50.1109,8.6821,11618,49.73,315.76
SHP-0475,Frankfurt,50.1109,8.6821,Berlin,52.52,13.405,3983,16.01,328.16
SHP-0476,Cologne,50.9375,6.9603,Frankfurt,50.1109,8.6821,4375,12.5,251.44
SHP-0477,Munich,48.1371,11.5761,Frankfurt,50.1109,8.6821,8101,38.25,286.12
SHP-0478,Hamburg,53.5511,9.9937,Frankfurt,50.1109,8.6821,7213,21.04,160.61
SHP-0479,Berlin,52.52,13.405,Cologne,50.9375,6.9603,1994,7.02,345.18
SHP-0480,Berlin,52.52,13.405,Cologne,50.9375,6.9603,5661,25.29,195.05
SHP-0481,Cologne,50.9375,6.9603,Berlin,52.52,13.405,8883,26.98,218.52
SHP-0482,Berlin,52.52,13.405,Kiel,54.3233,10.1228,2954,9.85,189.33
SHP-0483,Berlin,52.52,13.405,Cologne,50.9375,6.9603,11391,41.51,245.13
SHP-0484,Cologne,50.9375,6.9603,Munich,48.1371,11.5761,9494,43.42,349.39
SHP-0485,Frankfurt,50.1109,8.6821,Cologne,50.9375,6.9603,6928,25.18,326.55
SHP-0486,Berlin,52.52,13.405,Cologne,50.9375,6.9603,6305,20.49,365.66
SHP-0487,Berlin,52.52,13.405,Hamburg,53.5511,9.9937,10450,46.74,227.45
SHP-0488,Cologne,50.9375,6.9603,Kiel,54.3233,10.1228,3380,11.51,292.94
SHP-0489,Frankfurt,50.1109,8.6821,Cologne,50.9375,6.9603,727,2.81,197.86
SHP-0490,Kiel,54.3233,10.1228,Munich,48.1371,11.5761,8926,34.24,167.09
SHP-0491,Cologne,50.9375,6.9603,Kiel,54.3233,10.1228,4334,14.37,168.03
SHP-0492,Munich,48.1371,11.5761,Berlin,52.52,13.405,8222,27.89,199.75
SHP-0493,Kiel,54.3233,10.1228,Berlin,52.52,13.405,3677,13.89,395.09
SHP-0494,Munich,48.1371,11.5761,Frankfurt,50.1109,8.6821,11662,53.74,250.9
SHP-0495,Frankfurt,50.1109,8.6821,Munich,48.1371,11.5761,4485,17.27,216.07
SHP-0496,Frankfurt,50.1109,8.6821,Cologne,50.9375,6.9603,7753,27.45,322.44
SHP-0497,Kiel,54.3233,10.1228,Hamburg,53.5511,9.9937,1369,3.99,224.32
SHP-0498,Hamburg,53.5511,9.9937,Berlin,52.52,13.405,1559,5.51,310.41
SHP-0499,Frankfurt,50.1109,8.6821,Hamburg,53.5511,9.9937,8274,27.04,302.5
SHP-0500,Kiel,54.3233,10.1228,Berlin,52.52,13.405,523,2.31,179.27
